#VRML V2.0 utf8
# 3D model generated by easyeda2kicad.py (https://github.com/uPesy/easyeda2kicad.py)

Shape{
    appearance Appearance {
        material  Material 	{
            diffuseColor 0.25098039215686274 0.25098039215686274 0.25098039215686274
            specularColor 0.12549019607843137 0.12549019607843137 0.12549019607843137
            ambientIntensity 0.251
            transparency 0.0
            shininess 0.5
        }
    }
    geometry IndexedFaceSet {
        ccw TRUE
        solid FALSE
        coord DEF co Coordinate {
            point [
                1.2402 -0.6591 2.6772, 1.2402 -0.2564 2.6772, 0.0245 -0.2564 2.6772, -0.086 -0.777 2.6772, -0.1027 -0.7793 2.6772, -0.0504 -0.778 2.6772, 0.0245 -1.2995 2.6772, -0.1714 -0.778 2.6772, -1.2402 -1.2995 2.6772, -0.2319 -0.778 2.6772, -1.2402 -0.6591 2.6772, 0.0101 -0.6728 2.6772, 0.013 -0.765 2.6772, 0.0245 -0.6591 2.6772, -0.0504 -0.6598 2.6772, -0.0735 -0.6789 2.6772, -0.0735 -0.7589 2.6772, -0.0868 -0.6732 2.6772, -0.0756 -0.76 2.6772, -0.1011 -0.6714 2.6772, -0.1127 -0.6727 2.6772, -0.0735 -0.7718 2.6772, -0.0908 -0.6591 2.6772, -0.0871 -0.6594 2.6772, -0.0735 -0.6631 2.6772, 0.0101 -0.6598 2.6772, -0.0346 -0.7247 2.6772, -0.0346 -0.765 2.6772, 0.0072 -0.7247 2.6772, 0.0072 -0.7117 2.6772, -0.0346 -0.7117 2.6772, -0.0346 -0.6728 2.6772, -0.1551 -0.6909 2.6772, -0.148 -0.6798 2.6772, -0.2161 -0.6598 2.6772, -0.1373 -0.6695 2.6772, -0.1261 -0.6631 2.6772, -0.15 -0.7589 2.6772, -0.1714 -0.765 2.6772, -0.1564 -0.7479 2.6772, -0.2161 -0.765 2.6772, -0.1129 -0.6593 2.6772, -0.1103 -0.6591 2.6772, -0.2319 -0.6598 2.6772, -0.106 -0.7794 2.6772, -0.1205 -0.7779 2.6772, -0.1319 -0.774 2.6772, -0.1414 -0.768 2.6772, -0.1216 -0.6759 2.6772, -0.1298 -0.6813 2.6772, -0.1369 -0.6892 2.6772, -0.1455 -0.7202 2.6772, -0.1443 -0.7329 2.6772, -0.1411 -0.7431 2.6772, -0.1148 -0.7652 2.6772, -0.1038 -0.7664 2.6772, -0.1234 -0.762 2.6772, -0.1306 -0.7571 2.6772, -0.1362 -0.7513 2.6772, -0.0881 -0.7647 2.6772, -0.1418 -0.6983 2.6772, -0.1449 -0.711 2.6772, -0.1601 -0.7352 2.6772, -0.1613 -0.7211 2.6772, -0.1596 -0.7043 2.6772, 0.013 -0.778 2.6772, -0.1013 -0.6584 2.6772, -1.2402 -0.2564 2.6772, 0.1089 -0.7653 2.6772, 0.0967 -0.7725 2.6772, 0.0831 -0.7766 2.6772, 0.0681 -0.778 2.6772, 0.036 -0.778 2.6772, 0.2171 -0.7448 2.6772, 0.1683 -0.7448 2.6772, 0.229 -0.778 2.6772, 0.157 -0.778 2.6772, 1.2402 -1.2995 2.6772, 0.1397 -0.778 2.6772, 0.1294 -0.7332 2.6772, 0.1252 -0.7455 2.6772, 0.1186 -0.7559 2.6772, 0.1844 -0.6598 2.6772, 0.2002 -0.6598 2.6772, 0.036 -0.6598 2.6772, 0.0693 -0.6598 2.6772, 0.0864 -0.6617 2.6772, 0.1002 -0.6665 2.6772, 0.1131 -0.6751 2.6772, 0.1132 -0.6752 2.6772, 0.1216 -0.6845 2.6772, 0.1271 -0.6948 2.6772, 0.1303 -0.7066 2.6772, 0.1311 -0.7174 2.6772, 0.2463 -0.778 2.6772
            ]
        }
        coordIndex [
            0,1,2,-1,3,4,5,-1,6,7,8,-1,8,7,9,-1,8,9,10,-1,11,12,13,-1,14,15,16,-1,16,15,17,-1,16,17,18,-1,18,17,19,-1,18,19,20,-1,14,16,5,-1,5,16,21,-1,5,21,3,-1,22,23,14,-1,14,23,24,-1,14,24,15,-1,22,14,13,-1,13,14,25,-1,13,25,11,-1,26,27,28,-1,28,27,12,-1,28,12,29,-1,29,12,11,-1,29,11,30,-1,30,11,31,-1,32,33,34,-1,34,33,35,-1,34,35,36,-1,7,37,38,-1,38,37,39,-1,38,39,40,-1,36,41,34,-1,34,41,42,-1,34,42,43,-1,44,45,6,-1,6,45,46,-1,6,46,7,-1,7,46,47,-1,7,47,37,-1,20,48,18,-1,18,48,49,-1,18,49,50,-1,51,52,18,-1,18,52,53,-1,54,55,56,-1,56,55,57,-1,53,58,18,-1,18,58,57,-1,18,57,59,-1,59,57,55,-1,50,60,18,-1,18,60,61,-1,18,61,51,-1,39,62,40,-1,40,62,63,-1,40,63,34,-1,34,63,64,-1,34,64,32,-1,65,5,6,-1,6,5,4,-1,6,4,44,-1,42,66,2,-1,9,43,10,-1,10,43,42,-1,10,42,67,-1,67,42,2,-1,68,69,6,-1,6,69,70,-1,6,70,71,-1,71,72,6,-1,6,72,13,-1,6,13,65,-1,65,13,12,-1,73,74,75,-1,75,74,76,-1,75,76,77,-1,77,76,6,-1,6,76,78,-1,6,78,68,-1,79,80,78,-1,78,80,81,-1,78,81,68,-1,13,82,83,-1,72,84,13,-1,13,84,85,-1,13,85,82,-1,82,85,86,-1,82,86,87,-1,87,88,82,-1,82,88,89,-1,82,89,90,-1,90,91,82,-1,82,91,92,-1,82,92,78,-1,78,92,93,-1,78,93,79,-1,66,22,2,-1,2,22,13,-1,2,13,0,-1,0,13,83,-1,0,83,77,-1,77,83,94,-1,77,94,75,-1,
        ]
    }
}
Shape{
    appearance Appearance {
        material  Material 	{
            diffuseColor 0.2235294117647059 0.2235294117647059 0.2235294117647059
            specularColor 0.11372549019607843 0.11372549019607843 0.11372549019607843
            ambientIntensity 0.2235
            transparency 0.0
            shininess 0.5
        }
    }
    geometry IndexedFaceSet {
        ccw TRUE
        solid FALSE
        coord DEF co Coordinate {
            point [
                -1.2402 -0.2564 2.6772, -1.2402 -0.2564 0.315, -1.2402 -0.6591 2.6772, -1.2402 -1.2995 0.315, -1.2402 -1.2995 2.6772, 0.748 -0.5514 0.315, -0.748 -0.5514 0.315, 0.748 -0.4333 0.315, -0.748 -0.4333 0.315, 1.2402 -0.2564 0.315, -1.0236 -0.5514 0.315, -1.0236 -0.4333 0.315, 1.2402 -1.2995 0.315, 1.0236 -0.5514 0.315, 1.0236 -0.4333 0.315
            ]
        }
        coordIndex [
            0,1,2,-1,2,1,3,-1,2,3,4,-1,5,6,7,-1,7,6,8,-1,7,8,9,-1,10,3,1,-1,9,8,1,-1,1,8,11,-1,1,11,10,-1,10,6,3,-1,3,6,5,-1,3,5,12,-1,12,5,13,-1,12,13,9,-1,9,13,14,-1,9,14,7,-1,
        ]
    }
}
Shape{
    appearance Appearance {
        material  Material 	{
            diffuseColor 1.0 1.0 1.0
            specularColor 0.8784313725490196 0.8784313725490196 0.8784313725490196
            ambientIntensity 1.0
            transparency 0.0
            shininess 0.5
        }
    }
    geometry IndexedFaceSet {
        ccw TRUE
        solid FALSE
        coord DEF co Coordinate {
            point [
                -1.437 0.3004 -1.3793, -1.437 0.295 -1.339, -1.437 0.4525 -1.4961, -1.437 0.572 -1.4907, -1.437 0.5312 -1.4961, -1.437 0.6834 -1.3793, -1.437 0.6887 -1.339, -1.437 0.4117 -1.4907, -1.437 0.3738 -1.475, -1.437 0.3161 -1.4173, -1.437 0.3411 -1.4499, -1.437 0.6676 -1.4173, -1.437 0.6426 -1.4499, -1.437 0.61 -1.475, -1.437 0.6887 -1.339, -1.4372 0.6887 -1.3386, -1.4372 0.295 -1.3386, -1.6285 0.6887 -0.8079, -1.6285 0.295 -0.8079, -1.437 0.295 -0.1154, -1.437 0.6887 -0.1154, -1.437 0.8068 0.0, -1.2795 0.8068 0.0, -1.437 0.8068 -0.1154, -1.2795 0.8068 -0.1154, -1.2795 0.295 0.2221, -1.2795 0.295 -0.1208, -1.2795 0.6887 -0.1208, -1.2795 0.6887 -0.1154, -1.2795 -1.3192 2.6772, -1.2795 -1.3192 1.4961, -1.2795 0.6493 2.6772, -1.2795 -0.0987 1.4961, -1.2795 1.0824 1.4398, -1.2795 -0.0987 0.7087, -1.2795 -0.6892 0.0, -1.2795 0.0194 0.0, -1.2795 -0.6892 0.1181, -1.2795 0.1641 0.2221, -1.2795 1.0824 0.0, -1.4691 0.6887 -0.8063, -1.4691 0.295 -0.8063, -1.2914 0.6887 -1.2992, -1.2914 0.295 -1.2992, -1.2914 0.6887 -1.3386, -1.2914 0.295 -1.3386, -1.2914 0.4117 -1.4907, -1.2914 0.4525 -1.4961, -1.2914 0.3161 -1.4173, -1.2914 0.3411 -1.4499, -1.2914 0.3738 -1.475, -1.2914 0.5312 -1.4961, -1.2914 0.572 -1.4907, -1.2914 0.3004 -1.3793, -1.2914 0.61 -1.475, -1.2914 0.6426 -1.4499, -1.2914 0.6834 -1.3793, -1.2914 0.6676 -1.4173
            ]
        }
        coordIndex [
            0,1,2,-1,3,4,5,-1,2,1,4,-1,4,1,6,-1,4,6,5,-1,2,7,0,-1,0,7,8,-1,0,8,9,-1,9,8,10,-1,11,12,5,-1,5,12,13,-1,5,13,3,-1,14,1,15,-1,15,1,16,-1,15,16,17,-1,17,16,18,-1,19,20,18,-1,18,20,17,-1,21,22,23,-1,23,22,24,-1,25,26,27,-1,27,28,25,-1,25,28,24,-1,25,24,22,-1,29,30,31,-1,31,30,32,-1,31,32,33,-1,33,32,34,-1,35,36,37,-1,37,36,38,-1,37,38,34,-1,34,38,25,-1,34,25,33,-1,33,25,22,-1,33,22,39,-1,40,27,41,-1,41,27,26,-1,42,40,43,-1,43,40,41,-1,44,42,45,-1,45,42,43,-1,46,47,45,-1,48,49,50,-1,45,47,44,-1,44,47,51,-1,44,51,52,-1,46,45,50,-1,50,45,53,-1,50,53,48,-1,52,54,44,-1,44,54,55,-1,44,55,56,-1,56,55,57,-1,2,4,47,-1,47,4,51,-1,
        ]
    }
}
Shape{
    appearance Appearance {
        material  Material 	{
            diffuseColor 0.25098039215686274 0.25098039215686274 0.25098039215686274
            specularColor 0.12549019607843137 0.12549019607843137 0.12549019607843137
            ambientIntensity 0.251
            transparency 0.0
            shininess 0.5
        }
    }
    geometry IndexedFaceSet {
        ccw TRUE
        solid FALSE
        coord DEF co Coordinate {
            point [
                1.2008 -1.2995 2.6378, -1.2008 -1.2995 2.6378, 1.2008 -1.3192 2.6378, -1.2008 -1.3192 2.6378, -1.2008 -1.3192 0.3543, -1.2008 -1.2995 0.3543, 1.2008 -1.3192 0.3543, 1.2008 -1.2995 0.3543
            ]
        }
        coordIndex [
            0,1,2,-1,2,1,3,-1,4,5,6,-1,6,5,7,-1,
        ]
    }
}
Shape{
    appearance Appearance {
        material  Material 	{
            diffuseColor 1.0 1.0 1.0
            specularColor 0.5019607843137255 0.5019607843137255 0.5019607843137255
            ambientIntensity 1.0
            transparency 0.0
            shininess 0.5
        }
    }
    geometry IndexedFaceSet {
        ccw TRUE
        solid FALSE
        coord DEF co Coordinate {
            point [
                -1.2795 -1.4766 0.315, -1.2795 -1.3192 0.315, 0.0 -1.4766 0.315, 1.2795 -1.3192 0.315, 1.2795 -1.4766 0.315
            ]
        }
        coordIndex [
            0,1,2,-1,2,1,3,-1,2,3,4,-1,
        ]
    }
}
Shape{
    appearance Appearance {
        material  Material 	{
            diffuseColor 1.0 1.0 1.0
            specularColor 0.8784313725490196 0.8784313725490196 0.8784313725490196
            ambientIntensity 1.0
            transparency 0.0
            shininess 0.5
        }
    }
    geometry IndexedFaceSet {
        ccw TRUE
        solid FALSE
        coord DEF co Coordinate {
            point [
                1.2795 -1.3192 2.6772, 1.4139 -1.4536 2.6772, 1.4265 -1.4373 2.6772, 1.437 0.6493 2.6772, 1.2795 0.6493 2.6772, 1.437 -1.3979 2.6772, 1.4343 -1.4183 2.6772, -1.2795 -1.3192 2.6772, 0.0 -1.4766 2.6772, 1.3583 -1.4766 2.6772, -1.2795 0.6493 2.6772, -1.437 0.6493 2.6772, -1.437 -1.3979 2.6772, -1.4343 -1.4183 2.6772, -1.4265 -1.4373 2.6772, -1.4139 -1.4536 2.6772, -1.3976 -1.4661 2.6772, 1.3786 -1.474 2.6772, 1.3976 -1.4661 2.6772, -1.3786 -1.474 2.6772, -1.3583 -1.4766 2.6772, -1.2795 -0.6892 0.0, -1.437 -0.6892 0.0, -1.2795 0.0194 0.0, -1.437 0.0194 0.0, -1.437 -0.0987 0.7087, -1.437 -0.0987 1.4961, -1.437 0.295 -0.1154, -1.437 0.295 0.2221, -1.437 0.6887 -0.1154, -1.437 0.8068 0.0, -1.437 0.8068 -0.1154, -1.437 0.1641 0.2221, -1.437 1.0824 1.4398, -1.437 1.0824 0.0, -1.437 -1.3192 1.4961, -1.437 -1.3979 1.4961, -1.437 -0.6892 0.1181, -1.2795 1.0824 0.0, -1.2795 0.8068 0.0, 1.437 1.0824 0.0, 1.437 1.0824 1.4398, 1.437 0.8068 0.0, 1.437 0.295 0.2221, 1.437 -0.6892 0.0, 1.437 0.0194 0.0, 1.437 -0.6892 0.1181, 1.437 0.1641 0.2221, 1.437 -0.0987 0.7087, 1.437 0.295 -0.1154, 1.437 0.6887 -0.1154, 1.437 0.8068 -0.1154, 1.437 -0.0987 1.4961, 1.437 -1.3192 1.4961, 1.437 -1.3979 1.4961, 1.2795 -0.6892 0.0, 1.2795 0.0194 0.0, 1.2795 0.8068 0.0, 1.2795 1.0824 0.0, -0.7874 -1.4766 2.5524, -0.7466 -1.4766 2.5211, -1.076 -1.4766 2.4328, -1.0563 -1.4766 2.4803, -1.025 -1.4766 2.5211, -0.9843 -1.4766 2.5524, -0.9368 -1.4766 2.572, -0.8858 -1.4766 2.5787, -0.8349 -1.4766 2.572, -0.8858 -1.4766 2.185, -0.9368 -1.4766 2.1917, -1.3583 -1.4766 1.4961, -0.9843 -1.4766 2.2114, -1.025 -1.4766 2.2427, -1.0563 -1.4766 2.2835, -1.076 -1.4766 2.3309, -1.0827 -1.4766 2.3819, -0.7153 -1.4766 2.4803, -0.6957 -1.4766 2.4328, 0.0 -1.4766 2.185, -0.689 -1.4766 2.3819, -0.1432 -1.4766 2.17, -0.6957 -1.4766 2.3309, -0.6852 -1.4766 1.4961, -0.6852 -1.4766 1.5681, -0.8349 -1.4766 2.1917, -0.6553 -1.4766 1.709, -0.7874 -1.4766 2.2114, -0.5967 -1.4766 1.8406, -0.7466 -1.4766 2.2427, -0.512 -1.4766 1.9571, -0.7153 -1.4766 2.2835, -0.405 -1.4766 2.0535, -0.2802 -1.4766 2.1255, 0.0 -1.4766 0.315, -0.8858 -1.4766 0.4134, -1.2795 -1.4766 0.315, -0.9368 -1.4766 0.4201, -0.8858 -1.4766 0.8071, -0.8349 -1.4766 0.8004, -0.6852 -1.4766 1.424, -0.9843 -1.4766 0.4398, -1.025 -1.4766 0.471, -1.0563 -1.4766 0.5118, -1.3583 -1.4766 1.475, -1.3257 -1.4766 1.4499, -1.3006 -1.4766 1.4173, -1.076 -1.4766 0.5593, -1.0827 -1.4766 0.6102, -1.2795 -1.4766 1.3386, -1.076 -1.4766 0.6612, -1.0563 -1.4766 0.7087, -0.9368 -1.4766 0.8004, -1.2849 -1.4766 1.3793, -0.9843 -1.4766 0.7807, -1.025 -1.4766 0.7494, -0.6957 -1.4766 0.6612, -0.689 -1.4766 0.6102, 0.0 -1.4766 0.8071, -0.7153 -1.4766 0.5118, -0.7466 -1.4766 0.471, -0.7874 -1.4766 0.4398, -0.8349 -1.4766 0.4201, -0.6957 -1.4766 0.5593, -0.1432 -1.4766 0.8221, -0.2802 -1.4766 0.8667, -0.7153 -1.4766 0.7087, -0.405 -1.4766 0.9387, -0.7466 -1.4766 0.7494, -0.512 -1.4766 1.0351, -0.7874 -1.4766 0.7807, -0.5967 -1.4766 1.1516, -0.6553 -1.4766 1.2832, 1.2795 -1.4766 0.315, 0.8858 -1.4766 0.4134, 1.3583 -1.4766 1.475, 1.3583 -1.4766 1.4961, 1.3257 -1.4766 1.4499, 0.6852 -1.4766 1.4961, 1.3006 -1.4766 1.4173, 0.8349 -1.4766 0.4201, 0.7874 -1.4766 0.4398, 0.7466 -1.4766 0.471, 1.076 -1.4766 0.5593, 1.0563 -1.4766 0.5118, 1.025 -1.4766 0.471, 1.2849 -1.4766 1.3793, 0.9368 -1.4766 0.8004, 0.8858 -1.4766 0.8071, 0.6852 -1.4766 1.424, 0.8349 -1.4766 0.8004, 0.6553 -1.4766 1.2832, 0.7874 -1.4766 0.7807, 0.5967 -1.4766 1.1516, 0.7466 -1.4766 0.7494, 0.512 -1.4766 1.0351, 0.7153 -1.4766 0.7087, 0.405 -1.4766 0.9387, 0.6957 -1.4766 0.6612, 0.9843 -1.4766 0.4398, 0.9368 -1.4766 0.4201, 1.2795 -1.4766 1.3386, 0.9843 -1.4766 0.7807, 1.025 -1.4766 0.7494, 0.2802 -1.4766 0.8667, 0.1432 -1.4766 0.8221, 0.689 -1.4766 0.6102, 0.6957 -1.4766 0.5593, 0.7153 -1.4766 0.5118, 1.0563 -1.4766 0.7087, 1.076 -1.4766 0.6612, 1.0827 -1.4766 0.6102, 1.025 -1.4766 2.5211, 1.0563 -1.4766 2.4803, 0.9843 -1.4766 2.5524, 0.6957 -1.4766 2.4328, 0.7153 -1.4766 2.4803, 0.7466 -1.4766 2.5211, 0.7874 -1.4766 2.5524, 0.8349 -1.4766 2.572, 0.8858 -1.4766 2.5787, 0.9368 -1.4766 2.572, 1.0563 -1.4766 2.2835, 1.025 -1.4766 2.2427, 0.689 -1.4766 2.3819, 0.6957 -1.4766 2.3309, 0.8349 -1.4766 2.1917, 0.6852 -1.4766 1.5681, 0.8858 -1.4766 2.185, 0.9368 -1.4766 2.1917, 0.9843 -1.4766 2.2114, 1.076 -1.4766 2.4328, 1.0827 -1.4766 2.3819, 1.076 -1.4766 2.3309, 0.1432 -1.4766 2.17, 0.2802 -1.4766 2.1255, 0.7153 -1.4766 2.2835, 0.405 -1.4766 2.0535, 0.7466 -1.4766 2.2427, 0.512 -1.4766 1.9571, 0.7874 -1.4766 2.2114, 0.5967 -1.4766 1.8406, 0.6553 -1.4766 1.709, -1.3684 -1.476 1.4803, -1.3786 -1.474 1.4849, -1.3876 -1.471 1.4881, -1.3976 -1.466 1.491, -1.3962 -1.4669 1.4907, -1.4265 -1.4373 1.4957, -1.4207 -1.4458 1.4952, -1.4139 -1.4536 1.4944, -1.4062 -1.4604 1.493, -1.4363 -1.4082 1.4961, -1.4343 -1.4183 1.496, -1.431 -1.4281 1.496, 1.4363 -1.4082 1.4961, 1.431 -1.4281 1.496, 1.4343 -1.4183 1.496, 1.4207 -1.4459 1.4952, 1.4265 -1.4373 1.4957, 1.4062 -1.4604 1.493, 1.4139 -1.4536 1.4944, 1.3963 -1.4668 1.4907, 1.3976 -1.4661 1.4911, 1.3684 -1.476 1.4803, 1.3786 -1.474 1.4849, 1.3876 -1.471 1.4881
            ]
        }
        coordIndex [
            0,1,2,-1,3,4,5,-1,5,4,0,-1,5,0,6,-1,6,0,2,-1,7,8,0,-1,0,8,9,-1,10,11,7,-1,7,11,12,-1,7,12,13,-1,13,14,7,-1,7,14,15,-1,7,15,16,-1,9,17,0,-1,0,17,18,-1,0,18,1,-1,16,19,7,-1,7,19,20,-1,7,20,8,-1,21,22,23,-1,23,22,24,-1,25,26,11,-1,27,28,29,-1,29,28,30,-1,29,30,31,-1,32,33,28,-1,28,33,34,-1,28,34,30,-1,11,26,12,-1,12,26,35,-1,12,35,36,-1,11,33,25,-1,25,33,32,-1,25,32,37,-1,37,32,24,-1,37,24,22,-1,38,39,34,-1,34,39,30,-1,40,41,42,-1,42,41,43,-1,44,45,46,-1,46,45,47,-1,46,47,48,-1,43,49,42,-1,42,49,50,-1,42,50,51,-1,47,43,48,-1,48,43,41,-1,48,41,52,-1,52,41,3,-1,52,3,53,-1,53,3,5,-1,53,5,54,-1,44,55,45,-1,45,55,56,-1,42,57,40,-1,40,57,58,-1,59,60,8,-1,61,62,20,-1,20,62,63,-1,20,63,64,-1,64,65,20,-1,20,65,66,-1,20,66,8,-1,8,66,67,-1,8,67,59,-1,68,69,70,-1,70,69,71,-1,70,71,72,-1,72,73,70,-1,70,73,74,-1,70,74,20,-1,20,74,75,-1,20,75,61,-1,60,76,8,-1,8,76,77,-1,8,77,78,-1,78,77,79,-1,78,79,80,-1,80,79,81,-1,70,82,68,-1,68,82,83,-1,68,83,84,-1,84,83,85,-1,84,85,86,-1,86,85,87,-1,86,87,88,-1,88,87,89,-1,88,89,90,-1,90,89,91,-1,90,91,81,-1,81,91,92,-1,81,92,80,-1,93,94,95,-1,95,94,96,-1,97,98,99,-1,96,100,95,-1,95,100,101,-1,95,101,102,-1,70,103,82,-1,82,103,104,-1,82,104,105,-1,102,106,95,-1,95,106,107,-1,95,107,108,-1,108,107,109,-1,108,109,110,-1,99,82,97,-1,97,82,105,-1,97,105,111,-1,111,105,112,-1,111,112,113,-1,113,112,108,-1,113,108,114,-1,114,108,110,-1,115,116,117,-1,93,118,119,-1,119,120,93,-1,93,120,121,-1,93,121,94,-1,117,116,93,-1,93,116,122,-1,93,122,118,-1,117,123,115,-1,115,123,124,-1,115,124,125,-1,125,124,126,-1,125,126,127,-1,127,126,128,-1,127,128,129,-1,129,128,130,-1,129,130,98,-1,98,130,131,-1,98,131,99,-1,93,132,133,-1,134,135,136,-1,136,135,137,-1,136,137,138,-1,133,139,93,-1,93,139,140,-1,93,140,141,-1,142,143,132,-1,132,143,144,-1,145,138,146,-1,146,138,137,-1,146,137,147,-1,147,137,148,-1,147,148,149,-1,149,148,150,-1,149,150,151,-1,151,150,152,-1,151,152,153,-1,153,152,154,-1,153,154,155,-1,155,154,156,-1,155,156,157,-1,144,158,132,-1,132,158,159,-1,132,159,133,-1,145,146,160,-1,160,146,161,-1,160,161,162,-1,156,163,157,-1,157,163,164,-1,157,164,165,-1,165,164,117,-1,165,117,166,-1,166,117,93,-1,166,93,167,-1,167,93,141,-1,162,168,160,-1,160,168,169,-1,160,169,132,-1,132,169,170,-1,132,170,142,-1,171,172,9,-1,171,9,173,-1,174,175,8,-1,8,175,176,-1,8,176,177,-1,177,178,8,-1,8,178,179,-1,8,179,9,-1,9,179,180,-1,9,180,173,-1,135,181,182,-1,174,8,183,-1,183,8,78,-1,183,78,184,-1,185,186,187,-1,187,186,137,-1,187,137,188,-1,188,137,135,-1,188,135,189,-1,189,135,182,-1,172,190,9,-1,9,190,191,-1,9,191,135,-1,135,191,192,-1,135,192,181,-1,78,193,184,-1,184,193,194,-1,184,194,195,-1,195,194,196,-1,195,196,197,-1,197,196,198,-1,197,198,199,-1,199,198,200,-1,199,200,185,-1,185,200,201,-1,185,201,186,-1,202,103,70,-1,70,20,19,-1,202,70,203,-1,203,70,19,-1,203,19,204,-1,16,205,19,-1,19,205,206,-1,19,206,204,-1,15,14,207,-1,207,208,15,-1,15,208,209,-1,15,209,16,-1,16,209,210,-1,16,210,205,-1,13,12,36,-1,36,211,13,-1,13,211,212,-1,13,212,14,-1,14,212,213,-1,14,213,207,-1,54,5,214,-1,214,5,6,-1,2,215,6,-1,6,215,216,-1,6,216,214,-1,1,217,2,-1,2,217,218,-1,2,218,215,-1,18,219,1,-1,1,219,220,-1,1,220,217,-1,17,221,18,-1,18,221,222,-1,18,222,219,-1,17,9,135,-1,134,223,135,-1,135,223,224,-1,135,224,17,-1,17,224,225,-1,17,225,221,-1,
        ]
    }
}
Shape{
    appearance Appearance {
        material  Material 	{
            diffuseColor 0.25098039215686274 0.25098039215686274 0.25098039215686274
            specularColor 0.12549019607843137 0.12549019607843137 0.12549019607843137
            ambientIntensity 0.251
            transparency 0.0
            shininess 0.5
        }
    }
    geometry IndexedFaceSet {
        ccw TRUE
        solid FALSE
        coord DEF co Coordinate {
            point [
                -0.8858 -1.4766 2.185, -0.9368 -1.4963 2.1917, -0.9368 -1.4766 2.1917, -0.9843 -1.4963 2.2114, -0.9843 -1.4766 2.2114, -1.025 -1.4963 2.2427, -1.025 -1.4766 2.2427, -1.0563 -1.4963 2.2835, -1.0563 -1.4766 2.2835, -1.076 -1.4963 2.3309, -1.076 -1.4766 2.3309, -1.0827 -1.4963 2.3819, -1.0827 -1.4766 2.3819, -1.076 -1.4963 2.4328, -1.076 -1.4766 2.4328, -1.0563 -1.4963 2.4803, -1.0563 -1.4766 2.4803, -1.025 -1.4963 2.5211, -1.025 -1.4766 2.5211, -0.9843 -1.4963 2.5524, -0.9843 -1.4766 2.5524, -0.9368 -1.4963 2.572, -0.9368 -1.4766 2.572, -0.8858 -1.4963 2.5787, -0.8858 -1.4766 2.5787, -0.8349 -1.4963 2.572, -0.8349 -1.4766 2.572, -0.7874 -1.4963 2.5524, -0.7874 -1.4766 2.5524, -0.7466 -1.4963 2.5211, -0.7466 -1.4766 2.5211, -0.7153 -1.4963 2.4803, -0.7153 -1.4766 2.4803, -0.6957 -1.4963 2.4328, -0.6957 -1.4766 2.4328, -0.689 -1.4963 2.3819, -0.689 -1.4766 2.3819, -0.6957 -1.4963 2.3309, -0.6957 -1.4766 2.3309, -0.7153 -1.4963 2.2835, -0.7153 -1.4766 2.2835, -0.7466 -1.4963 2.2427, -0.7466 -1.4766 2.2427, -0.7874 -1.4963 2.2114, -0.7874 -1.4766 2.2114, -0.8349 -1.4963 2.1917, -0.8349 -1.4766 2.1917, -0.8858 -1.4963 2.185, -0.8366 -1.5947 2.4671, -0.8604 -1.5947 2.477, -0.8858 -1.5947 2.3819, -0.8858 -1.5947 2.4803, -0.9113 -1.5947 2.477, -0.7908 -1.5947 2.4074, -0.8006 -1.5947 2.4311, -0.8162 -1.5947 2.4515, -0.8006 -1.5947 2.3327, -0.7908 -1.5947 2.3564, -0.7874 -1.5947 2.3819, -0.8604 -1.5947 2.2868, -0.8366 -1.5947 2.2967, -0.8162 -1.5947 2.3123, -0.935 -1.5947 2.2967, -0.9113 -1.5947 2.2868, -0.8858 -1.5947 2.2835, -0.9809 -1.5947 2.3564, -0.9711 -1.5947 2.3327, -0.9554 -1.5947 2.3123, -0.9711 -1.5947 2.4311, -0.9809 -1.5947 2.4074, -0.9843 -1.5947 2.3819, -0.935 -1.5947 2.4671, -0.9554 -1.5947 2.4515, -0.8858 -1.4766 0.4134, -0.9368 -1.4963 0.4201, -0.9368 -1.4766 0.4201, -0.9843 -1.4963 0.4398, -0.9843 -1.4766 0.4398, -1.025 -1.4963 0.471, -1.025 -1.4766 0.471, -1.0563 -1.4963 0.5118, -1.0563 -1.4766 0.5118, -1.076 -1.4963 0.5593, -1.076 -1.4766 0.5593, -1.0827 -1.4963 0.6102, -1.0827 -1.4766 0.6102, -1.076 -1.4963 0.6612, -1.076 -1.4766 0.6612, -1.0563 -1.4963 0.7087, -1.0563 -1.4766 0.7087, -1.025 -1.4963 0.7494, -1.025 -1.4766 0.7494, -0.9843 -1.4963 0.7807, -0.9843 -1.4766 0.7807, -0.9368 -1.4963 0.8004, -0.9368 -1.4766 0.8004, -0.8858 -1.4963 0.8071, -0.8858 -1.4766 0.8071, -0.8349 -1.4963 0.8004, -0.8349 -1.4766 0.8004, -0.7874 -1.4963 0.7807, -0.7874 -1.4766 0.7807, -0.7466 -1.4963 0.7494, -0.7466 -1.4766 0.7494, -0.7153 -1.4963 0.7087, -0.7153 -1.4766 0.7087, -0.6957 -1.4963 0.6612, -0.6957 -1.4766 0.6612, -0.689 -1.4963 0.6102, -0.689 -1.4766 0.6102, -0.6957 -1.4963 0.5593, -0.6957 -1.4766 0.5593, -0.7153 -1.4963 0.5118, -0.7153 -1.4766 0.5118, -0.7466 -1.4963 0.471, -0.7466 -1.4766 0.471, -0.7874 -1.4963 0.4398, -0.7874 -1.4766 0.4398, -0.8349 -1.4963 0.4201, -0.8349 -1.4766 0.4201, -0.8858 -1.4963 0.4134, -0.8366 -1.5947 0.6955, -0.8604 -1.5947 0.7053, -0.8858 -1.5947 0.6102, -0.8858 -1.5947 0.7087, -0.9113 -1.5947 0.7053, -0.7908 -1.5947 0.6357, -0.8006 -1.5947 0.6595, -0.8162 -1.5947 0.6798, -0.8006 -1.5947 0.561, -0.7908 -1.5947 0.5848, -0.7874 -1.5947 0.6102, -0.8604 -1.5947 0.5152, -0.8366 -1.5947 0.525, -0.8162 -1.5947 0.5406, -0.935 -1.5947 0.525, -0.9113 -1.5947 0.5152, -0.8858 -1.5947 0.5118, -0.9809 -1.5947 0.5848, -0.9711 -1.5947 0.561, -0.9554 -1.5947 0.5406, -0.9711 -1.5947 0.6595, -0.9809 -1.5947 0.6357, -0.9843 -1.5947 0.6102, -0.935 -1.5947 0.6955, -0.9554 -1.5947 0.6798, 0.8858 -1.4766 0.4134, 0.8349 -1.4963 0.4201, 0.8349 -1.4766 0.4201, 0.7874 -1.4963 0.4398, 0.7874 -1.4766 0.4398, 0.7466 -1.4963 0.471, 0.7466 -1.4766 0.471, 0.7153 -1.4963 0.5118, 0.7153 -1.4766 0.5118, 0.6957 -1.4963 0.5593, 0.6957 -1.4766 0.5593, 0.689 -1.4963 0.6102, 0.689 -1.4766 0.6102, 0.6957 -1.4963 0.6612, 0.6957 -1.4766 0.6612, 0.7153 -1.4963 0.7087, 0.7153 -1.4766 0.7087, 0.7466 -1.4963 0.7494, 0.7466 -1.4766 0.7494, 0.7874 -1.4963 0.7807, 0.7874 -1.4766 0.7807, 0.8349 -1.4963 0.8004, 0.8349 -1.4766 0.8004, 0.8858 -1.4963 0.8071, 0.8858 -1.4766 0.8071, 0.9368 -1.4963 0.8004, 0.9368 -1.4766 0.8004, 0.9843 -1.4963 0.7807, 0.9843 -1.4766 0.7807, 1.025 -1.4963 0.7494, 1.025 -1.4766 0.7494, 1.0563 -1.4963 0.7087, 1.0563 -1.4766 0.7087, 1.076 -1.4963 0.6612, 1.076 -1.4766 0.6612, 1.0827 -1.4963 0.6102, 1.0827 -1.4766 0.6102, 1.076 -1.4963 0.5593, 1.076 -1.4766 0.5593, 1.0563 -1.4963 0.5118, 1.0563 -1.4766 0.5118, 1.025 -1.4963 0.471, 1.025 -1.4766 0.471, 0.9843 -1.4963 0.4398, 0.9843 -1.4766 0.4398, 0.9368 -1.4963 0.4201, 0.9368 -1.4766 0.4201, 0.8858 -1.4963 0.4134, 0.935 -1.5947 0.6955, 0.9113 -1.5947 0.7053, 0.8858 -1.5947 0.6102, 0.8858 -1.5947 0.7087, 0.8604 -1.5947 0.7053, 0.9809 -1.5947 0.6357, 0.9711 -1.5947 0.6595, 0.9554 -1.5947 0.6798, 0.9711 -1.5947 0.561, 0.9809 -1.5947 0.5848, 0.9843 -1.5947 0.6102, 0.9113 -1.5947 0.5152, 0.935 -1.5947 0.525, 0.9554 -1.5947 0.5406, 0.8366 -1.5947 0.525, 0.8604 -1.5947 0.5152, 0.8858 -1.5947 0.5118, 0.7908 -1.5947 0.5848, 0.8006 -1.5947 0.561, 0.8162 -1.5947 0.5406, 0.8006 -1.5947 0.6595, 0.7908 -1.5947 0.6357, 0.7874 -1.5947 0.6102, 0.8366 -1.5947 0.6955, 0.8162 -1.5947 0.6798, 0.8858 -1.4766 2.185, 0.8349 -1.4963 2.1917, 0.8349 -1.4766 2.1917, 0.7874 -1.4963 2.2114, 0.7874 -1.4766 2.2114, 0.7466 -1.4963 2.2427, 0.7466 -1.4766 2.2427, 0.7153 -1.4963 2.2835, 0.7153 -1.4766 2.2835, 0.6957 -1.4963 2.3309, 0.6957 -1.4766 2.3309, 0.689 -1.4963 2.3819, 0.689 -1.4766 2.3819, 0.6957 -1.4963 2.4328, 0.6957 -1.4766 2.4328, 0.7153 -1.4963 2.4803, 0.7153 -1.4766 2.4803, 0.7466 -1.4963 2.5211, 0.7466 -1.4766 2.5211, 0.7874 -1.4963 2.5524, 0.7874 -1.4766 2.5524, 0.8349 -1.4963 2.572, 0.8349 -1.4766 2.572, 0.8858 -1.4963 2.5787, 0.8858 -1.4766 2.5787, 0.9368 -1.4963 2.572, 0.9368 -1.4766 2.572, 0.9843 -1.4963 2.5524, 0.9843 -1.4766 2.5524, 1.025 -1.4963 2.5211, 1.025 -1.4766 2.5211, 1.0563 -1.4963 2.4803, 1.0563 -1.4766 2.4803, 1.076 -1.4963 2.4328, 1.076 -1.4766 2.4328, 1.0827 -1.4963 2.3819, 1.0827 -1.4766 2.3819, 1.076 -1.4963 2.3309, 1.076 -1.4766 2.3309, 1.0563 -1.4963 2.2835, 1.0563 -1.4766 2.2835, 1.025 -1.4963 2.2427, 1.025 -1.4766 2.2427, 0.9843 -1.4963 2.2114, 0.9843 -1.4766 2.2114, 0.9368 -1.4963 2.1917, 0.9368 -1.4766 2.1917, 0.8858 -1.4963 2.185, 0.935 -1.5947 2.4671, 0.9113 -1.5947 2.477, 0.8858 -1.5947 2.3819, 0.8858 -1.5947 2.4803, 0.8604 -1.5947 2.477, 0.9809 -1.5947 2.4074, 0.9711 -1.5947 2.4311, 0.9554 -1.5947 2.4515, 0.9711 -1.5947 2.3327, 0.9809 -1.5947 2.3564, 0.9843 -1.5947 2.3819, 0.9113 -1.5947 2.2868, 0.935 -1.5947 2.2967, 0.9554 -1.5947 2.3123, 0.8366 -1.5947 2.2967, 0.8604 -1.5947 2.2868, 0.8858 -1.5947 2.2835, 0.7908 -1.5947 2.3564, 0.8006 -1.5947 2.3327, 0.8162 -1.5947 2.3123, 0.8006 -1.5947 2.4311, 0.7908 -1.5947 2.4074, 0.7874 -1.5947 2.3819, 0.8366 -1.5947 2.4671, 0.8162 -1.5947 2.4515, 0.8538 -1.5914 2.5016, 0.8239 -1.5914 2.4892, 0.7982 -1.5914 2.4695, 0.7785 -1.5914 2.4438, 0.7661 -1.5914 2.414, 0.7619 -1.5914 2.3819, 0.7661 -1.5914 2.3498, 0.7785 -1.5914 2.3199, 0.7982 -1.5914 2.2943, 0.8239 -1.5914 2.2746, 0.8538 -1.5914 2.2622, 0.8858 -1.5914 2.258, 0.9179 -1.5914 2.2622, 0.9478 -1.5914 2.2746, 0.9734 -1.5914 2.2943, 0.9931 -1.5914 2.3199, 1.0055 -1.5914 2.3498, 1.0097 -1.5914 2.3819, 1.0055 -1.5914 2.414, 0.9931 -1.5914 2.4438, 0.9734 -1.5914 2.4695, 0.9478 -1.5914 2.4892, 0.9179 -1.5914 2.5016, 0.8858 -1.5914 2.5058, 0.8476 -1.5816 2.5245, 0.812 -1.5816 2.5098, 0.7814 -1.5816 2.4863, 0.758 -1.5816 2.4557, 0.7432 -1.5816 2.4201, 0.7382 -1.5816 2.3819, 0.7432 -1.5816 2.3437, 0.758 -1.5816 2.3081, 0.7814 -1.5816 2.2775, 0.812 -1.5816 2.254, 0.8476 -1.5816 2.2393, 0.8858 -1.5816 2.2343, 0.924 -1.5816 2.2393, 0.9596 -1.5816 2.254, 0.9902 -1.5816 2.2775, 1.0137 -1.5816 2.3081, 1.0284 -1.5816 2.3437, 1.0335 -1.5816 2.3819, 1.0284 -1.5816 2.4201, 1.0137 -1.5816 2.4557, 0.9902 -1.5816 2.4863, 0.9596 -1.5816 2.5098, 0.924 -1.5816 2.5245, 0.8858 -1.5816 2.5295, 0.8423 -1.5659 2.5442, 0.8018 -1.5659 2.5274, 0.767 -1.5659 2.5007, 0.7403 -1.5659 2.4659, 0.7235 -1.5659 2.4254, 0.7178 -1.5659 2.3819, 0.7235 -1.5659 2.3384, 0.7403 -1.5659 2.2979, 0.767 -1.5659 2.2631, 0.8018 -1.5659 2.2364, 0.8423 -1.5659 2.2196, 0.8858 -1.5659 2.2139, 0.9293 -1.5659 2.2196, 0.9698 -1.5659 2.2364, 1.0046 -1.5659 2.2631, 1.0313 -1.5659 2.2979, 1.0481 -1.5659 2.3384, 1.0538 -1.5659 2.3819, 1.0481 -1.5659 2.4254, 1.0313 -1.5659 2.4659, 1.0046 -1.5659 2.5007, 0.9698 -1.5659 2.5274, 0.9293 -1.5659 2.5442, 0.8858 -1.5659 2.5499, 0.8383 -1.5455 2.5593, 0.794 -1.5455 2.541, 0.756 -1.5455 2.5118, 0.7268 -1.5455 2.4737, 0.7084 -1.5455 2.4294, 0.7022 -1.5455 2.3819, 0.7084 -1.5455 2.3344, 0.7268 -1.5455 2.2901, 0.756 -1.5455 2.252, 0.794 -1.5455 2.2228, 0.8383 -1.5455 2.2045, 0.8858 -1.5455 2.1982, 0.9334 -1.5455 2.2045, 0.9777 -1.5455 2.2228, 1.0157 -1.5455 2.252, 1.0449 -1.5455 2.2901, 1.0632 -1.5455 2.3344, 1.0695 -1.5455 2.3819, 1.0632 -1.5455 2.4294, 1.0449 -1.5455 2.4737, 1.0157 -1.5455 2.5118, 0.9777 -1.5455 2.541, 0.9334 -1.5455 2.5593, 0.8858 -1.5455 2.5656, 0.8357 -1.5218 2.5688, 0.7891 -1.5218 2.5495, 0.749 -1.5218 2.5187, 0.7183 -1.5218 2.4786, 0.6989 -1.5218 2.432, 0.6923 -1.5218 2.3819, 0.6989 -1.5218 2.3318, 0.7183 -1.5218 2.2851, 0.749 -1.5218 2.2451, 0.7891 -1.5218 2.2143, 0.8357 -1.5218 2.195, 0.8858 -1.5218 2.1884, 0.9359 -1.5218 2.195, 0.9826 -1.5218 2.2143, 1.0226 -1.5218 2.2451, 1.0534 -1.5218 2.2851, 1.0727 -1.5218 2.3318, 1.0793 -1.5218 2.3819, 1.0727 -1.5218 2.432, 1.0534 -1.5218 2.4786, 1.0226 -1.5218 2.5187, 0.9826 -1.5218 2.5495, 0.9359 -1.5218 2.5688, 0.8858 -1.5218 2.5754, -0.9179 -1.5914 2.5016, -0.9478 -1.5914 2.4892, -0.9734 -1.5914 2.4695, -0.9931 -1.5914 2.4438, -1.0055 -1.5914 2.414, -1.0097 -1.5914 2.3819, -1.0055 -1.5914 2.3498, -0.9931 -1.5914 2.3199, -0.9734 -1.5914 2.2943, -0.9478 -1.5914 2.2746, -0.9179 -1.5914 2.2622, -0.8858 -1.5914 2.258, -0.8538 -1.5914 2.2622, -0.8239 -1.5914 2.2746, -0.7982 -1.5914 2.2943, -0.7785 -1.5914 2.3199, -0.7661 -1.5914 2.3498, -0.7619 -1.5914 2.3819, -0.7661 -1.5914 2.414, -0.7785 -1.5914 2.4438, -0.7982 -1.5914 2.4695, -0.8239 -1.5914 2.4892, -0.8538 -1.5914 2.5016, -0.8858 -1.5914 2.5058, -0.924 -1.5816 2.5245, -0.9596 -1.5816 2.5098, -0.9902 -1.5816 2.4863, -1.0137 -1.5816 2.4557, -1.0284 -1.5816 2.4201, -1.0335 -1.5816 2.3819, -1.0284 -1.5816 2.3437, -1.0137 -1.5816 2.3081, -0.9902 -1.5816 2.2775, -0.9596 -1.5816 2.254, -0.924 -1.5816 2.2393, -0.8858 -1.5816 2.2343, -0.8476 -1.5816 2.2393, -0.812 -1.5816 2.254, -0.7814 -1.5816 2.2775, -0.758 -1.5816 2.3081, -0.7432 -1.5816 2.3437, -0.7382 -1.5816 2.3819, -0.7432 -1.5816 2.4201, -0.758 -1.5816 2.4557, -0.7814 -1.5816 2.4863, -0.812 -1.5816 2.5098, -0.8476 -1.5816 2.5245, -0.8858 -1.5816 2.5295, -0.9293 -1.5659 2.5442, -0.9698 -1.5659 2.5274, -1.0046 -1.5659 2.5007, -1.0313 -1.5659 2.4659, -1.0481 -1.5659 2.4254, -1.0538 -1.5659 2.3819, -1.0481 -1.5659 2.3384, -1.0313 -1.5659 2.2979, -1.0046 -1.5659 2.2631, -0.9698 -1.5659 2.2364, -0.9293 -1.5659 2.2196, -0.8858 -1.5659 2.2139, -0.8423 -1.5659 2.2196, -0.8018 -1.5659 2.2364, -0.767 -1.5659 2.2631, -0.7403 -1.5659 2.2979, -0.7235 -1.5659 2.3384, -0.7178 -1.5659 2.3819, -0.7235 -1.5659 2.4254, -0.7403 -1.5659 2.4659, -0.767 -1.5659 2.5007, -0.8018 -1.5659 2.5274, -0.8423 -1.5659 2.5442, -0.8858 -1.5659 2.5499, -0.9334 -1.5455 2.5593, -0.9777 -1.5455 2.541, -1.0157 -1.5455 2.5118, -1.0449 -1.5455 2.4737, -1.0632 -1.5455 2.4294, -1.0695 -1.5455 2.3819, -1.0632 -1.5455 2.3344, -1.0449 -1.5455 2.2901, -1.0157 -1.5455 2.252, -0.9777 -1.5455 2.2228, -0.9334 -1.5455 2.2045, -0.8858 -1.5455 2.1982, -0.8383 -1.5455 2.2045, -0.794 -1.5455 2.2228, -0.756 -1.5455 2.252, -0.7268 -1.5455 2.2901, -0.7084 -1.5455 2.3344, -0.7022 -1.5455 2.3819, -0.7084 -1.5455 2.4294, -0.7268 -1.5455 2.4737, -0.756 -1.5455 2.5118, -0.794 -1.5455 2.541, -0.8383 -1.5455 2.5593, -0.8858 -1.5455 2.5656, -0.9359 -1.5218 2.5688, -0.9826 -1.5218 2.5495, -1.0226 -1.5218 2.5187, -1.0534 -1.5218 2.4786, -1.0727 -1.5218 2.432, -1.0793 -1.5218 2.3819, -1.0727 -1.5218 2.3318, -1.0534 -1.5218 2.2851, -1.0226 -1.5218 2.2451, -0.9826 -1.5218 2.2143, -0.9359 -1.5218 2.195, -0.8858 -1.5218 2.1884, -0.8357 -1.5218 2.195, -0.7891 -1.5218 2.2143, -0.749 -1.5218 2.2451, -0.7183 -1.5218 2.2851, -0.6989 -1.5218 2.3318, -0.6923 -1.5218 2.3819, -0.6989 -1.5218 2.432, -0.7183 -1.5218 2.4786, -0.749 -1.5218 2.5187, -0.7891 -1.5218 2.5495, -0.8357 -1.5218 2.5688, -0.8858 -1.5218 2.5754, 0.8538 -1.5914 0.7299, 0.8239 -1.5914 0.7175, 0.7982 -1.5914 0.6978, 0.7785 -1.5914 0.6722, 0.7661 -1.5914 0.6423, 0.7619 -1.5914 0.6102, 0.7661 -1.5914 0.5782, 0.7785 -1.5914 0.5483, 0.7982 -1.5914 0.5226, 0.8239 -1.5914 0.5029, 0.8538 -1.5914 0.4906, 0.8858 -1.5914 0.4863, 0.9179 -1.5914 0.4906, 0.9478 -1.5914 0.5029, 0.9734 -1.5914 0.5226, 0.9931 -1.5914 0.5483, 1.0055 -1.5914 0.5782, 1.0097 -1.5914 0.6102, 1.0055 -1.5914 0.6423, 0.9931 -1.5914 0.6722, 0.9734 -1.5914 0.6978, 0.9478 -1.5914 0.7175, 0.9179 -1.5914 0.7299, 0.8858 -1.5914 0.7341, 0.8476 -1.5816 0.7528, 0.812 -1.5816 0.7381, 0.7814 -1.5816 0.7146, 0.758 -1.5816 0.6841, 0.7432 -1.5816 0.6485, 0.7382 -1.5816 0.6102, 0.7432 -1.5816 0.572, 0.758 -1.5816 0.5364, 0.7814 -1.5816 0.5058, 0.812 -1.5816 0.4824, 0.8476 -1.5816 0.4676, 0.8858 -1.5816 0.4626, 0.924 -1.5816 0.4676, 0.9596 -1.5816 0.4824, 0.9902 -1.5816 0.5058, 1.0137 -1.5816 0.5364, 1.0284 -1.5816 0.572, 1.0335 -1.5816 0.6102, 1.0284 -1.5816 0.6485, 1.0137 -1.5816 0.6841, 0.9902 -1.5816 0.7146, 0.9596 -1.5816 0.7381, 0.924 -1.5816 0.7528, 0.8858 -1.5816 0.7579, 0.8423 -1.5659 0.7725, 0.8018 -1.5659 0.7558, 0.767 -1.5659 0.729, 0.7403 -1.5659 0.6943, 0.7235 -1.5659 0.6537, 0.7178 -1.5659 0.6102, 0.7235 -1.5659 0.5668, 0.7403 -1.5659 0.5262, 0.767 -1.5659 0.4914, 0.8018 -1.5659 0.4647, 0.8423 -1.5659 0.4479, 0.8858 -1.5659 0.4422, 0.9293 -1.5659 0.4479, 0.9698 -1.5659 0.4647, 1.0046 -1.5659 0.4914, 1.0313 -1.5659 0.5262, 1.0481 -1.5659 0.5668, 1.0538 -1.5659 0.6102, 1.0481 -1.5659 0.6537, 1.0313 -1.5659 0.6943, 1.0046 -1.5659 0.729, 0.9698 -1.5659 0.7558, 0.9293 -1.5659 0.7725, 0.8858 -1.5659 0.7783, 0.8383 -1.5455 0.7876, 0.794 -1.5455 0.7693, 0.756 -1.5455 0.7401, 0.7268 -1.5455 0.7021, 0.7084 -1.5455 0.6578, 0.7022 -1.5455 0.6102, 0.7084 -1.5455 0.5627, 0.7268 -1.5455 0.5184, 0.756 -1.5455 0.4804, 0.794 -1.5455 0.4512, 0.8383 -1.5455 0.4328, 0.8858 -1.5455 0.4266, 0.9334 -1.5455 0.4328, 0.9777 -1.5455 0.4512, 1.0157 -1.5455 0.4804, 1.0449 -1.5455 0.5184, 1.0632 -1.5455 0.5627, 1.0695 -1.5455 0.6102, 1.0632 -1.5455 0.6578, 1.0449 -1.5455 0.7021, 1.0157 -1.5455 0.7401, 0.9777 -1.5455 0.7693, 0.9334 -1.5455 0.7876, 0.8858 -1.5455 0.7939, 0.8357 -1.5218 0.7971, 0.7891 -1.5218 0.7778, 0.749 -1.5218 0.7471, 0.7183 -1.5218 0.707, 0.6989 -1.5218 0.6603, 0.6923 -1.5218 0.6102, 0.6989 -1.5218 0.5602, 0.7183 -1.5218 0.5135, 0.749 -1.5218 0.4734, 0.7891 -1.5218 0.4427, 0.8357 -1.5218 0.4233, 0.8858 -1.5218 0.4167, 0.9359 -1.5218 0.4233, 0.9826 -1.5218 0.4427, 1.0226 -1.5218 0.4734, 1.0534 -1.5218 0.5135, 1.0727 -1.5218 0.5602, 1.0793 -1.5218 0.6102, 1.0727 -1.5218 0.6603, 1.0534 -1.5218 0.707, 1.0226 -1.5218 0.7471, 0.9826 -1.5218 0.7778, 0.9359 -1.5218 0.7971, 0.8858 -1.5218 0.8037, -0.9179 -1.5914 0.7299, -0.9478 -1.5914 0.7175, -0.9734 -1.5914 0.6978, -0.9931 -1.5914 0.6722, -1.0055 -1.5914 0.6423, -1.0097 -1.5914 0.6102, -1.0055 -1.5914 0.5782, -0.9931 -1.5914 0.5483, -0.9734 -1.5914 0.5226, -0.9478 -1.5914 0.5029, -0.9179 -1.5914 0.4906, -0.8858 -1.5914 0.4863, -0.8538 -1.5914 0.4906, -0.8239 -1.5914 0.5029, -0.7982 -1.5914 0.5226, -0.7785 -1.5914 0.5483, -0.7661 -1.5914 0.5782, -0.7619 -1.5914 0.6102, -0.7661 -1.5914 0.6423, -0.7785 -1.5914 0.6722, -0.7982 -1.5914 0.6978, -0.8239 -1.5914 0.7175, -0.8538 -1.5914 0.7299, -0.8858 -1.5914 0.7341, -0.924 -1.5816 0.7528, -0.9596 -1.5816 0.7381, -0.9902 -1.5816 0.7146, -1.0137 -1.5816 0.6841, -1.0284 -1.5816 0.6485, -1.0335 -1.5816 0.6102, -1.0284 -1.5816 0.572, -1.0137 -1.5816 0.5364, -0.9902 -1.5816 0.5058, -0.9596 -1.5816 0.4824, -0.924 -1.5816 0.4676, -0.8858 -1.5816 0.4626, -0.8476 -1.5816 0.4676, -0.812 -1.5816 0.4824, -0.7814 -1.5816 0.5058, -0.758 -1.5816 0.5364, -0.7432 -1.5816 0.572, -0.7382 -1.5816 0.6102, -0.7432 -1.5816 0.6485, -0.758 -1.5816 0.6841, -0.7814 -1.5816 0.7146, -0.812 -1.5816 0.7381, -0.8476 -1.5816 0.7528, -0.8858 -1.5816 0.7579, -0.9293 -1.5659 0.7725, -0.9698 -1.5659 0.7558, -1.0046 -1.5659 0.729, -1.0313 -1.5659 0.6943, -1.0481 -1.5659 0.6537, -1.0538 -1.5659 0.6102, -1.0481 -1.5659 0.5668, -1.0313 -1.5659 0.5262, -1.0046 -1.5659 0.4914, -0.9698 -1.5659 0.4647, -0.9293 -1.5659 0.4479, -0.8858 -1.5659 0.4422, -0.8423 -1.5659 0.4479, -0.8018 -1.5659 0.4647, -0.767 -1.5659 0.4914, -0.7403 -1.5659 0.5262, -0.7235 -1.5659 0.5668, -0.7178 -1.5659 0.6102, -0.7235 -1.5659 0.6537, -0.7403 -1.5659 0.6943, -0.767 -1.5659 0.729, -0.8018 -1.5659 0.7558, -0.8423 -1.5659 0.7725, -0.8858 -1.5659 0.7783, -0.9334 -1.5455 0.7876, -0.9777 -1.5455 0.7693, -1.0157 -1.5455 0.7401, -1.0449 -1.5455 0.7021, -1.0632 -1.5455 0.6578, -1.0695 -1.5455 0.6102, -1.0632 -1.5455 0.5627, -1.0449 -1.5455 0.5184, -1.0157 -1.5455 0.4804, -0.9777 -1.5455 0.4512, -0.9334 -1.5455 0.4328, -0.8858 -1.5455 0.4266, -0.8383 -1.5455 0.4328, -0.794 -1.5455 0.4512, -0.756 -1.5455 0.4804, -0.7268 -1.5455 0.5184, -0.7084 -1.5455 0.5627, -0.7022 -1.5455 0.6102, -0.7084 -1.5455 0.6578, -0.7268 -1.5455 0.7021, -0.756 -1.5455 0.7401, -0.794 -1.5455 0.7693, -0.8383 -1.5455 0.7876, -0.8858 -1.5455 0.7939, -0.9359 -1.5218 0.7971, -0.9826 -1.5218 0.7778, -1.0226 -1.5218 0.7471, -1.0534 -1.5218 0.707, -1.0727 -1.5218 0.6603, -1.0793 -1.5218 0.6102, -1.0727 -1.5218 0.5602, -1.0534 -1.5218 0.5135, -1.0226 -1.5218 0.4734, -0.9826 -1.5218 0.4427, -0.9359 -1.5218 0.4233, -0.8858 -1.5218 0.4167, -0.8357 -1.5218 0.4233, -0.7891 -1.5218 0.4427, -0.749 -1.5218 0.4734, -0.7183 -1.5218 0.5135, -0.6989 -1.5218 0.5602, -0.6923 -1.5218 0.6102, -0.6989 -1.5218 0.6603, -0.7183 -1.5218 0.707, -0.749 -1.5218 0.7471, -0.7891 -1.5218 0.7778, -0.8357 -1.5218 0.7971, -0.8858 -1.5218 0.8037
            ]
        }
        coordIndex [
            0,1,2,-1,2,1,3,-1,2,3,4,-1,4,3,5,-1,4,5,6,-1,6,5,7,-1,6,7,8,-1,8,7,9,-1,8,9,10,-1,10,9,11,-1,10,11,12,-1,12,11,13,-1,12,13,14,-1,14,13,15,-1,14,15,16,-1,16,15,17,-1,16,17,18,-1,18,17,19,-1,18,19,20,-1,20,19,21,-1,20,21,22,-1,22,21,23,-1,22,23,24,-1,24,23,25,-1,24,25,26,-1,26,25,27,-1,26,27,28,-1,28,27,29,-1,28,29,30,-1,30,29,31,-1,30,31,32,-1,32,31,33,-1,32,33,34,-1,34,33,35,-1,34,35,36,-1,36,35,37,-1,36,37,38,-1,38,37,39,-1,38,39,40,-1,40,39,41,-1,40,41,42,-1,42,41,43,-1,42,43,44,-1,44,43,45,-1,44,45,46,-1,46,45,47,-1,46,47,0,-1,0,47,1,-1,48,49,50,-1,50,49,51,-1,50,51,52,-1,53,54,50,-1,50,54,55,-1,50,55,48,-1,56,57,50,-1,50,57,58,-1,50,58,53,-1,59,60,50,-1,50,60,61,-1,50,61,56,-1,62,63,50,-1,50,63,64,-1,50,64,59,-1,65,66,50,-1,50,66,67,-1,50,67,62,-1,68,69,50,-1,50,69,70,-1,50,70,65,-1,52,71,50,-1,50,71,72,-1,50,72,68,-1,73,74,75,-1,75,74,76,-1,75,76,77,-1,77,76,78,-1,77,78,79,-1,79,78,80,-1,79,80,81,-1,81,80,82,-1,81,82,83,-1,83,82,84,-1,83,84,85,-1,85,84,86,-1,85,86,87,-1,87,86,88,-1,87,88,89,-1,89,88,90,-1,89,90,91,-1,91,90,92,-1,91,92,93,-1,93,92,94,-1,93,94,95,-1,95,94,96,-1,95,96,97,-1,97,96,98,-1,97,98,99,-1,99,98,100,-1,99,100,101,-1,101,100,102,-1,101,102,103,-1,103,102,104,-1,103,104,105,-1,105,104,106,-1,105,106,107,-1,107,106,108,-1,107,108,109,-1,109,108,110,-1,109,110,111,-1,111,110,112,-1,111,112,113,-1,113,112,114,-1,113,114,115,-1,115,114,116,-1,115,116,117,-1,117,116,118,-1,117,118,119,-1,119,118,120,-1,119,120,73,-1,73,120,74,-1,121,122,123,-1,123,122,124,-1,123,124,125,-1,126,127,123,-1,123,127,128,-1,123,128,121,-1,129,130,123,-1,123,130,131,-1,123,131,126,-1,132,133,123,-1,123,133,134,-1,123,134,129,-1,135,136,123,-1,123,136,137,-1,123,137,132,-1,138,139,123,-1,123,139,140,-1,123,140,135,-1,141,142,123,-1,123,142,143,-1,123,143,138,-1,125,144,123,-1,123,144,145,-1,123,145,141,-1,146,147,148,-1,148,147,149,-1,148,149,150,-1,150,149,151,-1,150,151,152,-1,152,151,153,-1,152,153,154,-1,154,153,155,-1,154,155,156,-1,156,155,157,-1,156,157,158,-1,158,157,159,-1,158,159,160,-1,160,159,161,-1,160,161,162,-1,162,161,163,-1,162,163,164,-1,164,163,165,-1,164,165,166,-1,166,165,167,-1,166,167,168,-1,168,167,169,-1,168,169,170,-1,170,169,171,-1,170,171,172,-1,172,171,173,-1,172,173,174,-1,174,173,175,-1,174,175,176,-1,176,175,177,-1,176,177,178,-1,178,177,179,-1,178,179,180,-1,180,179,181,-1,180,181,182,-1,182,181,183,-1,182,183,184,-1,184,183,185,-1,184,185,186,-1,186,185,187,-1,186,187,188,-1,188,187,189,-1,188,189,190,-1,190,189,191,-1,190,191,192,-1,192,191,193,-1,192,193,146,-1,146,193,147,-1,194,195,196,-1,196,195,197,-1,196,197,198,-1,199,200,196,-1,196,200,201,-1,196,201,194,-1,202,203,196,-1,196,203,204,-1,196,204,199,-1,205,206,196,-1,196,206,207,-1,196,207,202,-1,208,209,196,-1,196,209,210,-1,196,210,205,-1,211,212,196,-1,196,212,213,-1,196,213,208,-1,214,215,196,-1,196,215,216,-1,196,216,211,-1,198,217,196,-1,196,217,218,-1,196,218,214,-1,219,220,221,-1,221,220,222,-1,221,222,223,-1,223,222,224,-1,223,224,225,-1,225,224,226,-1,225,226,227,-1,227,226,228,-1,227,228,229,-1,229,228,230,-1,229,230,231,-1,231,230,232,-1,231,232,233,-1,233,232,234,-1,233,234,235,-1,235,234,236,-1,235,236,237,-1,237,236,238,-1,237,238,239,-1,239,238,240,-1,239,240,241,-1,241,240,242,-1,241,242,243,-1,243,242,244,-1,243,244,245,-1,245,244,246,-1,245,246,247,-1,247,246,248,-1,247,248,249,-1,249,248,250,-1,249,250,251,-1,251,250,252,-1,251,252,253,-1,253,252,254,-1,253,254,255,-1,255,254,256,-1,255,256,257,-1,257,256,258,-1,257,258,259,-1,259,258,260,-1,259,260,261,-1,261,260,262,-1,261,262,263,-1,263,262,264,-1,263,264,265,-1,265,264,266,-1,265,266,219,-1,219,266,220,-1,267,268,269,-1,269,268,270,-1,269,270,271,-1,272,273,269,-1,269,273,274,-1,269,274,267,-1,275,276,269,-1,269,276,277,-1,269,277,272,-1,278,279,269,-1,269,279,280,-1,269,280,275,-1,281,282,269,-1,269,282,283,-1,269,283,278,-1,284,285,269,-1,269,285,286,-1,269,286,281,-1,287,288,269,-1,269,288,289,-1,269,289,284,-1,271,290,269,-1,269,290,291,-1,269,291,287,-1,270,292,271,-1,271,292,293,-1,271,293,290,-1,290,293,294,-1,290,294,291,-1,291,294,295,-1,291,295,287,-1,287,295,296,-1,287,296,288,-1,288,296,297,-1,288,297,289,-1,289,297,298,-1,289,298,284,-1,284,298,299,-1,284,299,285,-1,285,299,300,-1,285,300,286,-1,286,300,301,-1,286,301,281,-1,281,301,302,-1,281,302,282,-1,282,302,303,-1,282,303,283,-1,283,303,304,-1,283,304,278,-1,278,304,305,-1,278,305,279,-1,279,305,306,-1,279,306,280,-1,280,306,307,-1,280,307,275,-1,275,307,308,-1,275,308,276,-1,276,308,309,-1,276,309,277,-1,277,309,310,-1,277,310,272,-1,272,310,311,-1,272,311,273,-1,273,311,312,-1,273,312,274,-1,274,312,313,-1,274,313,267,-1,267,313,314,-1,267,314,268,-1,268,314,315,-1,268,315,270,-1,270,315,292,-1,315,316,292,-1,292,316,317,-1,292,317,293,-1,293,317,318,-1,293,318,294,-1,294,318,319,-1,294,319,295,-1,295,319,320,-1,295,320,296,-1,296,320,321,-1,296,321,297,-1,297,321,322,-1,297,322,298,-1,298,322,323,-1,298,323,299,-1,299,323,324,-1,299,324,300,-1,300,324,325,-1,300,325,301,-1,301,325,326,-1,301,326,302,-1,302,326,327,-1,302,327,303,-1,303,327,328,-1,303,328,304,-1,304,328,329,-1,304,329,305,-1,305,329,330,-1,305,330,306,-1,306,330,331,-1,306,331,307,-1,307,331,332,-1,307,332,308,-1,308,332,333,-1,308,333,309,-1,309,333,334,-1,309,334,310,-1,310,334,335,-1,310,335,311,-1,311,335,336,-1,311,336,312,-1,312,336,337,-1,312,337,313,-1,313,337,338,-1,313,338,314,-1,314,338,339,-1,314,339,315,-1,315,339,316,-1,339,340,316,-1,316,340,341,-1,316,341,317,-1,317,341,342,-1,317,342,318,-1,318,342,343,-1,318,343,319,-1,319,343,344,-1,319,344,320,-1,320,344,345,-1,320,345,321,-1,321,345,346,-1,321,346,322,-1,322,346,347,-1,322,347,323,-1,323,347,348,-1,323,348,324,-1,324,348,349,-1,324,349,325,-1,325,349,350,-1,325,350,326,-1,326,350,351,-1,326,351,327,-1,327,351,352,-1,327,352,328,-1,328,352,353,-1,328,353,329,-1,329,353,354,-1,329,354,330,-1,330,354,355,-1,330,355,331,-1,331,355,356,-1,331,356,332,-1,332,356,357,-1,332,357,333,-1,333,357,358,-1,333,358,334,-1,334,358,359,-1,334,359,335,-1,335,359,360,-1,335,360,336,-1,336,360,361,-1,336,361,337,-1,337,361,362,-1,337,362,338,-1,338,362,363,-1,338,363,339,-1,339,363,340,-1,363,364,340,-1,340,364,365,-1,340,365,341,-1,341,365,366,-1,341,366,342,-1,342,366,367,-1,342,367,343,-1,343,367,368,-1,343,368,344,-1,344,368,369,-1,344,369,345,-1,345,369,370,-1,345,370,346,-1,346,370,371,-1,346,371,347,-1,347,371,372,-1,347,372,348,-1,348,372,373,-1,348,373,349,-1,349,373,374,-1,349,374,350,-1,350,374,375,-1,350,375,351,-1,351,375,376,-1,351,376,352,-1,352,376,377,-1,352,377,353,-1,353,377,378,-1,353,378,354,-1,354,378,379,-1,354,379,355,-1,355,379,380,-1,355,380,356,-1,356,380,381,-1,356,381,357,-1,357,381,382,-1,357,382,358,-1,358,382,383,-1,358,383,359,-1,359,383,384,-1,359,384,360,-1,360,384,385,-1,360,385,361,-1,361,385,386,-1,361,386,362,-1,362,386,387,-1,362,387,363,-1,363,387,364,-1,387,388,364,-1,364,388,389,-1,364,389,365,-1,365,389,390,-1,365,390,366,-1,366,390,391,-1,366,391,367,-1,367,391,392,-1,367,392,368,-1,368,392,393,-1,368,393,369,-1,369,393,394,-1,369,394,370,-1,370,394,395,-1,370,395,371,-1,371,395,396,-1,371,396,372,-1,372,396,397,-1,372,397,373,-1,373,397,398,-1,373,398,374,-1,374,398,399,-1,374,399,375,-1,375,399,400,-1,375,400,376,-1,376,400,401,-1,376,401,377,-1,377,401,402,-1,377,402,378,-1,378,402,403,-1,378,403,379,-1,379,403,404,-1,379,404,380,-1,380,404,405,-1,380,405,381,-1,381,405,406,-1,381,406,382,-1,382,406,407,-1,382,407,383,-1,383,407,408,-1,383,408,384,-1,384,408,409,-1,384,409,385,-1,385,409,410,-1,385,410,386,-1,386,410,411,-1,386,411,387,-1,387,411,388,-1,411,240,388,-1,388,240,238,-1,388,238,389,-1,389,238,236,-1,389,236,390,-1,390,236,234,-1,390,234,391,-1,391,234,232,-1,391,232,392,-1,392,232,230,-1,392,230,393,-1,393,230,228,-1,393,228,394,-1,394,228,226,-1,394,226,395,-1,395,226,224,-1,395,224,396,-1,396,224,222,-1,396,222,397,-1,397,222,220,-1,397,220,398,-1,398,220,266,-1,398,266,399,-1,399,266,264,-1,399,264,400,-1,400,264,262,-1,400,262,401,-1,401,262,260,-1,401,260,402,-1,402,260,258,-1,402,258,403,-1,403,258,256,-1,403,256,404,-1,404,256,254,-1,404,254,405,-1,405,254,252,-1,405,252,406,-1,406,252,250,-1,406,250,407,-1,407,250,248,-1,407,248,408,-1,408,248,246,-1,408,246,409,-1,409,246,244,-1,409,244,410,-1,410,244,242,-1,410,242,411,-1,411,242,240,-1,51,412,52,-1,52,412,413,-1,52,413,71,-1,71,413,414,-1,71,414,72,-1,72,414,415,-1,72,415,68,-1,68,415,416,-1,68,416,69,-1,69,416,417,-1,69,417,70,-1,70,417,418,-1,70,418,65,-1,65,418,419,-1,65,419,66,-1,66,419,420,-1,66,420,67,-1,67,420,421,-1,67,421,62,-1,62,421,422,-1,62,422,63,-1,63,422,423,-1,63,423,64,-1,64,423,424,-1,64,424,59,-1,59,424,425,-1,59,425,60,-1,60,425,426,-1,60,426,61,-1,61,426,427,-1,61,427,56,-1,56,427,428,-1,56,428,57,-1,57,428,429,-1,57,429,58,-1,58,429,430,-1,58,430,53,-1,53,430,431,-1,53,431,54,-1,54,431,432,-1,54,432,55,-1,55,432,433,-1,55,433,48,-1,48,433,434,-1,48,434,49,-1,49,434,435,-1,49,435,51,-1,51,435,412,-1,435,436,412,-1,412,436,437,-1,412,437,413,-1,413,437,438,-1,413,438,414,-1,414,438,439,-1,414,439,415,-1,415,439,440,-1,415,440,416,-1,416,440,441,-1,416,441,417,-1,417,441,442,-1,417,442,418,-1,418,442,443,-1,418,443,419,-1,419,443,444,-1,419,444,420,-1,420,444,445,-1,420,445,421,-1,421,445,446,-1,421,446,422,-1,422,446,447,-1,422,447,423,-1,423,447,448,-1,423,448,424,-1,424,448,449,-1,424,449,425,-1,425,449,450,-1,425,450,426,-1,426,450,451,-1,426,451,427,-1,427,451,452,-1,427,452,428,-1,428,452,453,-1,428,453,429,-1,429,453,454,-1,429,454,430,-1,430,454,455,-1,430,455,431,-1,431,455,456,-1,431,456,432,-1,432,456,457,-1,432,457,433,-1,433,457,458,-1,433,458,434,-1,434,458,459,-1,434,459,435,-1,435,459,436,-1,459,460,436,-1,436,460,461,-1,436,461,437,-1,437,461,462,-1,437,462,438,-1,438,462,463,-1,438,463,439,-1,439,463,464,-1,439,464,440,-1,440,464,465,-1,440,465,441,-1,441,465,466,-1,441,466,442,-1,442,466,467,-1,442,467,443,-1,443,467,468,-1,443,468,444,-1,444,468,469,-1,444,469,445,-1,445,469,470,-1,445,470,446,-1,446,470,471,-1,446,471,447,-1,447,471,472,-1,447,472,448,-1,448,472,473,-1,448,473,449,-1,449,473,474,-1,449,474,450,-1,450,474,475,-1,450,475,451,-1,451,475,476,-1,451,476,452,-1,452,476,477,-1,452,477,453,-1,453,477,478,-1,453,478,454,-1,454,478,479,-1,454,479,455,-1,455,479,480,-1,455,480,456,-1,456,480,481,-1,456,481,457,-1,457,481,482,-1,457,482,458,-1,458,482,483,-1,458,483,459,-1,459,483,460,-1,483,484,460,-1,460,484,485,-1,460,485,461,-1,461,485,486,-1,461,486,462,-1,462,486,487,-1,462,487,463,-1,463,487,488,-1,463,488,464,-1,464,488,489,-1,464,489,465,-1,465,489,490,-1,465,490,466,-1,466,490,491,-1,466,491,467,-1,467,491,492,-1,467,492,468,-1,468,492,493,-1,468,493,469,-1,469,493,494,-1,469,494,470,-1,470,494,495,-1,470,495,471,-1,471,495,496,-1,471,496,472,-1,472,496,497,-1,472,497,473,-1,473,497,498,-1,473,498,474,-1,474,498,499,-1,474,499,475,-1,475,499,500,-1,475,500,476,-1,476,500,501,-1,476,501,477,-1,477,501,502,-1,477,502,478,-1,478,502,503,-1,478,503,479,-1,479,503,504,-1,479,504,480,-1,480,504,505,-1,480,505,481,-1,481,505,506,-1,481,506,482,-1,482,506,507,-1,482,507,483,-1,483,507,484,-1,507,508,484,-1,484,508,509,-1,484,509,485,-1,485,509,510,-1,485,510,486,-1,486,510,511,-1,486,511,487,-1,487,511,512,-1,487,512,488,-1,488,512,513,-1,488,513,489,-1,489,513,514,-1,489,514,490,-1,490,514,515,-1,490,515,491,-1,491,515,516,-1,491,516,492,-1,492,516,517,-1,492,517,493,-1,493,517,518,-1,493,518,494,-1,494,518,519,-1,494,519,495,-1,495,519,520,-1,495,520,496,-1,496,520,521,-1,496,521,497,-1,497,521,522,-1,497,522,498,-1,498,522,523,-1,498,523,499,-1,499,523,524,-1,499,524,500,-1,500,524,525,-1,500,525,501,-1,501,525,526,-1,501,526,502,-1,502,526,527,-1,502,527,503,-1,503,527,528,-1,503,528,504,-1,504,528,529,-1,504,529,505,-1,505,529,530,-1,505,530,506,-1,506,530,531,-1,506,531,507,-1,507,531,508,-1,531,21,508,-1,508,21,19,-1,508,19,509,-1,509,19,17,-1,509,17,510,-1,510,17,15,-1,510,15,511,-1,511,15,13,-1,511,13,512,-1,512,13,11,-1,512,11,513,-1,513,11,9,-1,513,9,514,-1,514,9,7,-1,514,7,515,-1,515,7,5,-1,515,5,516,-1,516,5,3,-1,516,3,517,-1,517,3,1,-1,517,1,518,-1,518,1,47,-1,518,47,519,-1,519,47,45,-1,519,45,520,-1,520,45,43,-1,520,43,521,-1,521,43,41,-1,521,41,522,-1,522,41,39,-1,522,39,523,-1,523,39,37,-1,523,37,524,-1,524,37,35,-1,524,35,525,-1,525,35,33,-1,525,33,526,-1,526,33,31,-1,526,31,527,-1,527,31,29,-1,527,29,528,-1,528,29,27,-1,528,27,529,-1,529,27,25,-1,529,25,530,-1,530,25,23,-1,530,23,531,-1,531,23,21,-1,197,532,198,-1,198,532,533,-1,198,533,217,-1,217,533,534,-1,217,534,218,-1,218,534,535,-1,218,535,214,-1,214,535,536,-1,214,536,215,-1,215,536,537,-1,215,537,216,-1,216,537,538,-1,216,538,211,-1,211,538,539,-1,211,539,212,-1,212,539,540,-1,212,540,213,-1,213,540,541,-1,213,541,208,-1,208,541,542,-1,208,542,209,-1,209,542,543,-1,209,543,210,-1,210,543,544,-1,210,544,205,-1,205,544,545,-1,205,545,206,-1,206,545,546,-1,206,546,207,-1,207,546,547,-1,207,547,202,-1,202,547,548,-1,202,548,203,-1,203,548,549,-1,203,549,204,-1,204,549,550,-1,204,550,199,-1,199,550,551,-1,199,551,200,-1,200,551,552,-1,200,552,201,-1,201,552,553,-1,201,553,194,-1,194,553,554,-1,194,554,195,-1,195,554,555,-1,195,555,197,-1,197,555,532,-1,555,556,532,-1,532,556,557,-1,532,557,533,-1,533,557,558,-1,533,558,534,-1,534,558,559,-1,534,559,535,-1,535,559,560,-1,535,560,536,-1,536,560,561,-1,536,561,537,-1,537,561,562,-1,537,562,538,-1,538,562,563,-1,538,563,539,-1,539,563,564,-1,539,564,540,-1,540,564,565,-1,540,565,541,-1,541,565,566,-1,541,566,542,-1,542,566,567,-1,542,567,543,-1,543,567,568,-1,543,568,544,-1,544,568,569,-1,544,569,545,-1,545,569,570,-1,545,570,546,-1,546,570,571,-1,546,571,547,-1,547,571,572,-1,547,572,548,-1,548,572,573,-1,548,573,549,-1,549,573,574,-1,549,574,550,-1,550,574,575,-1,550,575,551,-1,551,575,576,-1,551,576,552,-1,552,576,577,-1,552,577,553,-1,553,577,578,-1,553,578,554,-1,554,578,579,-1,554,579,555,-1,555,579,556,-1,579,580,556,-1,556,580,581,-1,556,581,557,-1,557,581,582,-1,557,582,558,-1,558,582,583,-1,558,583,559,-1,559,583,584,-1,559,584,560,-1,560,584,585,-1,560,585,561,-1,561,585,586,-1,561,586,562,-1,562,586,587,-1,562,587,563,-1,563,587,588,-1,563,588,564,-1,564,588,589,-1,564,589,565,-1,565,589,590,-1,565,590,566,-1,566,590,591,-1,566,591,567,-1,567,591,592,-1,567,592,568,-1,568,592,593,-1,568,593,569,-1,569,593,594,-1,569,594,570,-1,570,594,595,-1,570,595,571,-1,571,595,596,-1,571,596,572,-1,572,596,597,-1,572,597,573,-1,573,597,598,-1,573,598,574,-1,574,598,599,-1,574,599,575,-1,575,599,600,-1,575,600,576,-1,576,600,601,-1,576,601,577,-1,577,601,602,-1,577,602,578,-1,578,602,603,-1,578,603,579,-1,579,603,580,-1,603,604,580,-1,580,604,605,-1,580,605,581,-1,581,605,606,-1,581,606,582,-1,582,606,607,-1,582,607,583,-1,583,607,608,-1,583,608,584,-1,584,608,609,-1,584,609,585,-1,585,609,610,-1,585,610,586,-1,586,610,611,-1,586,611,587,-1,587,611,612,-1,587,612,588,-1,588,612,613,-1,588,613,589,-1,589,613,614,-1,589,614,590,-1,590,614,615,-1,590,615,591,-1,591,615,616,-1,591,616,592,-1,592,616,617,-1,592,617,593,-1,593,617,618,-1,593,618,594,-1,594,618,619,-1,594,619,595,-1,595,619,620,-1,595,620,596,-1,596,620,621,-1,596,621,597,-1,597,621,622,-1,597,622,598,-1,598,622,623,-1,598,623,599,-1,599,623,624,-1,599,624,600,-1,600,624,625,-1,600,625,601,-1,601,625,626,-1,601,626,602,-1,602,626,627,-1,602,627,603,-1,603,627,604,-1,627,628,604,-1,604,628,629,-1,604,629,605,-1,605,629,630,-1,605,630,606,-1,606,630,631,-1,606,631,607,-1,607,631,632,-1,607,632,608,-1,608,632,633,-1,608,633,609,-1,609,633,634,-1,609,634,610,-1,610,634,635,-1,610,635,611,-1,611,635,636,-1,611,636,612,-1,612,636,637,-1,612,637,613,-1,613,637,638,-1,613,638,614,-1,614,638,639,-1,614,639,615,-1,615,639,640,-1,615,640,616,-1,616,640,641,-1,616,641,617,-1,617,641,642,-1,617,642,618,-1,618,642,643,-1,618,643,619,-1,619,643,644,-1,619,644,620,-1,620,644,645,-1,620,645,621,-1,621,645,646,-1,621,646,622,-1,622,646,647,-1,622,647,623,-1,623,647,648,-1,623,648,624,-1,624,648,649,-1,624,649,625,-1,625,649,650,-1,625,650,626,-1,626,650,651,-1,626,651,627,-1,627,651,628,-1,651,167,628,-1,628,167,165,-1,628,165,629,-1,629,165,163,-1,629,163,630,-1,630,163,161,-1,630,161,631,-1,631,161,159,-1,631,159,632,-1,632,159,157,-1,632,157,633,-1,633,157,155,-1,633,155,634,-1,634,155,153,-1,634,153,635,-1,635,153,151,-1,635,151,636,-1,636,151,149,-1,636,149,637,-1,637,149,147,-1,637,147,638,-1,638,147,193,-1,638,193,639,-1,639,193,191,-1,639,191,640,-1,640,191,189,-1,640,189,641,-1,641,189,187,-1,641,187,642,-1,642,187,185,-1,642,185,643,-1,643,185,183,-1,643,183,644,-1,644,183,181,-1,644,181,645,-1,645,181,179,-1,645,179,646,-1,646,179,177,-1,646,177,647,-1,647,177,175,-1,647,175,648,-1,648,175,173,-1,648,173,649,-1,649,173,171,-1,649,171,650,-1,650,171,169,-1,650,169,651,-1,651,169,167,-1,124,652,125,-1,125,652,653,-1,125,653,144,-1,144,653,654,-1,144,654,145,-1,145,654,655,-1,145,655,141,-1,141,655,656,-1,141,656,142,-1,142,656,657,-1,142,657,143,-1,143,657,658,-1,143,658,138,-1,138,658,659,-1,138,659,139,-1,139,659,660,-1,139,660,140,-1,140,660,661,-1,140,661,135,-1,135,661,662,-1,135,662,136,-1,136,662,663,-1,136,663,137,-1,137,663,664,-1,137,664,132,-1,132,664,665,-1,132,665,133,-1,133,665,666,-1,133,666,134,-1,134,666,667,-1,134,667,129,-1,129,667,668,-1,129,668,130,-1,130,668,669,-1,130,669,131,-1,131,669,670,-1,131,670,126,-1,126,670,671,-1,126,671,127,-1,127,671,672,-1,127,672,128,-1,128,672,673,-1,128,673,121,-1,121,673,674,-1,121,674,122,-1,122,674,675,-1,122,675,124,-1,124,675,652,-1,675,676,652,-1,652,676,677,-1,652,677,653,-1,653,677,678,-1,653,678,654,-1,654,678,679,-1,654,679,655,-1,655,679,680,-1,655,680,656,-1,656,680,681,-1,656,681,657,-1,657,681,682,-1,657,682,658,-1,658,682,683,-1,658,683,659,-1,659,683,684,-1,659,684,660,-1,660,684,685,-1,660,685,661,-1,661,685,686,-1,661,686,662,-1,662,686,687,-1,662,687,663,-1,663,687,688,-1,663,688,664,-1,664,688,689,-1,664,689,665,-1,665,689,690,-1,665,690,666,-1,666,690,691,-1,666,691,667,-1,667,691,692,-1,667,692,668,-1,668,692,693,-1,668,693,669,-1,669,693,694,-1,669,694,670,-1,670,694,695,-1,670,695,671,-1,671,695,696,-1,671,696,672,-1,672,696,697,-1,672,697,673,-1,673,697,698,-1,673,698,674,-1,674,698,699,-1,674,699,675,-1,675,699,676,-1,699,700,676,-1,676,700,701,-1,676,701,677,-1,677,701,702,-1,677,702,678,-1,678,702,703,-1,678,703,679,-1,679,703,704,-1,679,704,680,-1,680,704,705,-1,680,705,681,-1,681,705,706,-1,681,706,682,-1,682,706,707,-1,682,707,683,-1,683,707,708,-1,683,708,684,-1,684,708,709,-1,684,709,685,-1,685,709,710,-1,685,710,686,-1,686,710,711,-1,686,711,687,-1,687,711,712,-1,687,712,688,-1,688,712,713,-1,688,713,689,-1,689,713,714,-1,689,714,690,-1,690,714,715,-1,690,715,691,-1,691,715,716,-1,691,716,692,-1,692,716,717,-1,692,717,693,-1,693,717,718,-1,693,718,694,-1,694,718,719,-1,694,719,695,-1,695,719,720,-1,695,720,696,-1,696,720,721,-1,696,721,697,-1,697,721,722,-1,697,722,698,-1,698,722,723,-1,698,723,699,-1,699,723,700,-1,723,724,700,-1,700,724,725,-1,700,725,701,-1,701,725,726,-1,701,726,702,-1,702,726,727,-1,702,727,703,-1,703,727,728,-1,703,728,704,-1,704,728,729,-1,704,729,705,-1,705,729,730,-1,705,730,706,-1,706,730,731,-1,706,731,707,-1,707,731,732,-1,707,732,708,-1,708,732,733,-1,708,733,709,-1,709,733,734,-1,709,734,710,-1,710,734,735,-1,710,735,711,-1,711,735,736,-1,711,736,712,-1,712,736,737,-1,712,737,713,-1,713,737,738,-1,713,738,714,-1,714,738,739,-1,714,739,715,-1,715,739,740,-1,715,740,716,-1,716,740,741,-1,716,741,717,-1,717,741,742,-1,717,742,718,-1,718,742,743,-1,718,743,719,-1,719,743,744,-1,719,744,720,-1,720,744,745,-1,720,745,721,-1,721,745,746,-1,721,746,722,-1,722,746,747,-1,722,747,723,-1,723,747,724,-1,747,748,724,-1,724,748,749,-1,724,749,725,-1,725,749,750,-1,725,750,726,-1,726,750,751,-1,726,751,727,-1,727,751,752,-1,727,752,728,-1,728,752,753,-1,728,753,729,-1,729,753,754,-1,729,754,730,-1,730,754,755,-1,730,755,731,-1,731,755,756,-1,731,756,732,-1,732,756,757,-1,732,757,733,-1,733,757,758,-1,733,758,734,-1,734,758,759,-1,734,759,735,-1,735,759,760,-1,735,760,736,-1,736,760,761,-1,736,761,737,-1,737,761,762,-1,737,762,738,-1,738,762,763,-1,738,763,739,-1,739,763,764,-1,739,764,740,-1,740,764,765,-1,740,765,741,-1,741,765,766,-1,741,766,742,-1,742,766,767,-1,742,767,743,-1,743,767,768,-1,743,768,744,-1,744,768,769,-1,744,769,745,-1,745,769,770,-1,745,770,746,-1,746,770,771,-1,746,771,747,-1,747,771,748,-1,771,94,748,-1,748,94,92,-1,748,92,749,-1,749,92,90,-1,749,90,750,-1,750,90,88,-1,750,88,751,-1,751,88,86,-1,751,86,752,-1,752,86,84,-1,752,84,753,-1,753,84,82,-1,753,82,754,-1,754,82,80,-1,754,80,755,-1,755,80,78,-1,755,78,756,-1,756,78,76,-1,756,76,757,-1,757,76,74,-1,757,74,758,-1,758,74,120,-1,758,120,759,-1,759,120,118,-1,759,118,760,-1,760,118,116,-1,760,116,761,-1,761,116,114,-1,761,114,762,-1,762,114,112,-1,762,112,763,-1,763,112,110,-1,763,110,764,-1,764,110,108,-1,764,108,765,-1,765,108,106,-1,765,106,766,-1,766,106,104,-1,766,104,767,-1,767,104,102,-1,767,102,768,-1,768,102,100,-1,768,100,769,-1,769,100,98,-1,769,98,770,-1,770,98,96,-1,770,96,771,-1,771,96,94,-1,
        ]
    }
}
Shape{
    appearance Appearance {
        material  Material 	{
            diffuseColor 1.0 1.0 1.0
            specularColor 0.8784313725490196 0.8784313725490196 0.8784313725490196
            ambientIntensity 1.0
            transparency 0.0
            shininess 0.5
        }
    }
    geometry IndexedFaceSet {
        ccw TRUE
        solid FALSE
        coord DEF co Coordinate {
            point [
                1.2795 1.0824 1.4398, 1.2795 0.6493 2.6772, 1.437 1.0824 1.4398, 1.437 0.6493 2.6772, -1.2795 1.0824 1.4398, -1.437 1.0824 1.4398, -1.2795 0.6493 2.6772, -1.437 0.6493 2.6772, 1.437 0.4525 -1.4961, 1.437 0.295 -1.339, 1.437 0.3004 -1.3793, 1.437 0.3161 -1.4173, 1.437 0.3411 -1.4499, 1.437 0.4117 -1.4907, 1.437 0.3738 -1.475, 1.437 0.6887 -1.339, 1.437 0.5312 -1.4961, 1.437 0.6834 -1.3793, 1.437 0.572 -1.4907, 1.437 0.6676 -1.4173, 1.437 0.61 -1.475, 1.437 0.6426 -1.4499, 1.6285 0.295 -0.8079, 1.6285 0.6887 -0.8079, 1.437 0.295 -0.1154, 1.437 0.6887 -0.1154, 1.4372 0.6887 -1.3386, 1.4372 0.295 -1.3386, 1.437 0.6887 -1.339, 1.437 0.295 -1.339, 1.2795 0.8068 -0.1154, 1.2795 0.8068 0.0, 1.437 0.8068 -0.1154, 1.437 0.8068 0.0
            ]
        }
        coordIndex [
            0,1,2,-1,2,1,3,-1,4,5,6,-1,6,5,7,-1,8,9,10,-1,10,11,8,-1,8,11,12,-1,8,12,13,-1,13,12,14,-1,9,8,15,-1,15,8,16,-1,15,16,17,-1,17,16,18,-1,17,18,19,-1,19,18,20,-1,19,20,21,-1,22,23,24,-1,24,23,25,-1,23,22,26,-1,26,22,27,-1,26,27,28,-1,28,27,29,-1,30,31,32,-1,32,31,33,-1,
        ]
    }
}
Shape{
    appearance Appearance {
        material  Material 	{
            diffuseColor 0.25098039215686274 0.25098039215686274 0.25098039215686274
            specularColor 0.12549019607843137 0.12549019607843137 0.12549019607843137
            ambientIntensity 0.251
            transparency 0.0
            shininess 0.5
        }
    }
    geometry IndexedFaceSet {
        ccw TRUE
        solid FALSE
        coord DEF co Coordinate {
            point [
                0.1741 -2.2242 2.0604, 0.088 -2.2242 2.08, 0.0 -2.2242 1.4961, 0.0 -2.2242 2.0866, -0.088 -2.2242 2.08, 0.4017 -2.2242 1.929, 0.3327 -2.2242 1.984, 0.2562 -2.2242 2.0281, 0.5497 -2.2242 1.7118, 0.5114 -2.2242 1.7913, 0.4617 -2.2242 1.8643, 0.5889 -2.2242 1.4519, 0.5889 -2.2242 1.5402, 0.5757 -2.2242 1.6275, 0.5114 -2.2242 1.2008, 0.5497 -2.2242 1.2803, 0.5757 -2.2242 1.3647, 0.3327 -2.2242 1.0081, 0.4017 -2.2242 1.0632, 0.4617 -2.2242 1.1279, 0.088 -2.2242 0.9121, 0.1741 -2.2242 0.9318, 0.2562 -2.2242 0.964, -0.1741 -2.2242 0.9318, -0.088 -2.2242 0.9121, 0.0 -2.2242 0.9055, -0.4017 -2.2242 1.0632, -0.3327 -2.2242 1.0081, -0.2562 -2.2242 0.964, -0.5497 -2.2242 1.2803, -0.5114 -2.2242 1.2008, -0.4617 -2.2242 1.1279, -0.5889 -2.2242 1.5402, -0.5889 -2.2242 1.4519, -0.5757 -2.2242 1.3647, -0.5114 -2.2242 1.7913, -0.5497 -2.2242 1.7118, -0.5757 -2.2242 1.6275, -0.3327 -2.2242 1.984, -0.4017 -2.2242 1.929, -0.4617 -2.2242 1.8643, -0.1741 -2.2242 2.0604, -0.2562 -2.2242 2.0281, -0.1428 -2.1257 2.1682, -0.2031 -2.1257 2.1544, -0.2021 -2.1512 2.1512, -0.4042 -2.1257 2.0525, -0.4686 -2.1257 2.0011, -0.4663 -2.1512 1.9987, -0.6535 -2.1257 1.7084, -0.6717 -2.1257 1.6494, -0.6684 -2.1512 1.6486, -0.684 -2.1257 1.4242, -0.6717 -2.1257 1.3428, -0.6684 -2.1512 1.3435, -0.5107 -2.1257 1.0363, -0.4686 -2.1257 0.991, -0.4663 -2.1512 0.9935, -0.2798 -2.1257 0.8678, -0.2031 -2.1257 0.8377, -0.2021 -2.1512 0.8409, 0.1428 -2.1257 0.8239, 0.2031 -2.1257 0.8377, 0.2021 -2.1512 0.8409, 0.4042 -2.1257 0.9396, 0.4686 -2.1257 0.991, 0.4663 -2.1512 0.9935, 0.6535 -2.1257 1.2837, 0.6717 -2.1257 1.3428, 0.6684 -2.1512 1.3435, 0.684 -2.1257 1.5679, 0.6717 -2.1257 1.6494, 0.6684 -2.1512 1.6486, 0.5107 -2.1257 1.9558, 0.4686 -2.1257 2.0011, 0.4663 -2.1512 1.9987, 0.2798 -2.1257 2.1243, 0.2031 -2.1257 2.1544, 0.2021 -2.1512 2.1512, 0.0918 -2.2208 2.1052, 0.1816 -2.2208 2.0847, 0.0954 -2.211 2.1287, 0.1886 -2.211 2.1074, 0.0984 -2.1953 2.1488, 0.1946 -2.1953 2.1269, 0.1007 -2.1749 2.1643, 0.1992 -2.1749 2.1418, 0.1022 -2.1512 2.174, 0.347 -2.2208 2.0051, 0.419 -2.2208 1.9476, 0.3604 -2.211 2.0247, 0.4351 -2.211 1.965, 0.3719 -2.1953 2.0415, 0.449 -2.1953 1.98, 0.3807 -2.1749 2.0544, 0.4597 -2.1749 1.9915, 0.3862 -2.1512 2.0626, 0.5734 -2.2208 1.7211, 0.6006 -2.2208 1.6331, 0.5955 -2.211 1.7298, 0.6237 -2.211 1.6384, 0.6145 -2.1953 1.7372, 0.6436 -2.1953 1.643, 0.6291 -2.1749 1.743, 0.6588 -2.1749 1.6464, 0.6382 -2.1512 1.7466, 0.6143 -2.2208 1.45, 0.6006 -2.2208 1.359, 0.638 -2.211 1.4483, 0.6237 -2.211 1.3537, 0.6583 -2.1953 1.4467, 0.6436 -2.1953 1.3492, 0.6739 -2.1749 1.4456, 0.6588 -2.1749 1.3457, 0.6837 -2.1512 1.4448, 0.4816 -2.2208 1.112, 0.419 -2.2208 1.0445, 0.5002 -2.211 1.0972, 0.4351 -2.211 1.0271, 0.5161 -2.1953 1.0845, 0.449 -2.1953 1.0121, 0.5284 -2.1749 1.0747, 0.4597 -2.1749 1.0007, 0.536 -2.1512 1.0686, 0.2673 -2.2208 0.941, 0.1816 -2.2208 0.9074, 0.2776 -2.211 0.9197, 0.1886 -2.211 0.8847, 0.2864 -2.1953 0.9013, 0.1946 -2.1953 0.8652, 0.2932 -2.1749 0.8872, 0.1992 -2.1749 0.8503, 0.2975 -2.1512 0.8783, -0.0918 -2.2208 0.8869, -0.1816 -2.2208 0.9074, -0.0954 -2.211 0.8634, -0.1886 -2.211 0.8847, -0.0984 -2.1953 0.8433, -0.1946 -2.1953 0.8652, -0.1007 -2.1749 0.8278, -0.1992 -2.1749 0.8503, -0.1022 -2.1512 0.8181, -0.347 -2.2208 0.9871, -0.419 -2.2208 1.0445, -0.3604 -2.211 0.9675, -0.4351 -2.211 1.0271, -0.3719 -2.1953 0.9506, -0.449 -2.1953 1.0121, -0.3807 -2.1749 0.9377, -0.4597 -2.1749 1.0007, -0.3862 -2.1512 0.9296, -0.5734 -2.2208 1.271, -0.6006 -2.2208 1.359, -0.5955 -2.211 1.2623, -0.6237 -2.211 1.3537, -0.6145 -2.1953 1.2549, -0.6436 -2.1953 1.3492, -0.6291 -2.1749 1.2492, -0.6588 -2.1749 1.3457, -0.6382 -2.1512 1.2456, -0.6143 -2.2208 1.5421, -0.6006 -2.2208 1.6331, -0.638 -2.211 1.5439, -0.6237 -2.211 1.6384, -0.6583 -2.1953 1.5454, -0.6436 -2.1953 1.643, -0.6739 -2.1749 1.5466, -0.6588 -2.1749 1.6464, -0.6837 -2.1512 1.5473, -0.4816 -2.2208 1.8802, -0.419 -2.2208 1.9476, -0.5002 -2.211 1.895, -0.4351 -2.211 1.965, -0.5161 -2.1953 1.9077, -0.449 -2.1953 1.98, -0.5284 -2.1749 1.9174, -0.4597 -2.1749 1.9915, -0.536 -2.1512 1.9235, -0.2673 -2.2208 2.0511, -0.1816 -2.2208 2.0847, -0.2776 -2.211 2.0725, -0.1886 -2.211 2.1074, -0.2864 -2.1953 2.0908, -0.1946 -2.1953 2.1269, -0.2932 -2.1749 2.1049, -0.1992 -2.1749 2.1418, -0.2975 -2.1512 2.1138, 0.0 -2.2208 2.1121, 0.0 -2.211 2.1358, 0.0 -2.1953 2.1562, 0.0 -2.1749 2.1719, 0.0 -2.1512 2.1817, 0.0 -2.1257 2.185, 0.1027 -2.1257 2.1773, 0.1428 -2.1257 2.1682, 0.2989 -2.1257 2.1168, 0.2975 -2.1512 2.1138, 0.2932 -2.1749 2.1049, 0.2864 -2.1953 2.0908, 0.2776 -2.211 2.0725, 0.2673 -2.2208 2.0511, 0.3881 -2.1257 2.0653, 0.4042 -2.1257 2.0525, 0.5387 -2.1257 1.9256, 0.536 -2.1512 1.9235, 0.5284 -2.1749 1.9174, 0.5161 -2.1953 1.9077, 0.5002 -2.211 1.895, 0.4816 -2.2208 1.8802, 0.5335 -2.2208 1.8041, 0.5541 -2.211 1.8159, 0.5717 -2.1953 1.8261, 0.5853 -2.1749 1.834, 0.5938 -2.1512 1.8389, 0.5967 -2.1257 1.8406, 0.6413 -2.1257 1.7478, 0.6535 -2.1257 1.7084, 0.687 -2.1257 1.5476, 0.6837 -2.1512 1.5473, 0.6739 -2.1749 1.5466, 0.6583 -2.1953 1.5454, 0.638 -2.211 1.5439, 0.6143 -2.2208 1.5421, 0.687 -2.1257 1.4446, 0.684 -2.1257 1.4242, 0.6413 -2.1257 1.2444, 0.6382 -2.1512 1.2456, 0.6291 -2.1749 1.2492, 0.6145 -2.1953 1.2549, 0.5955 -2.211 1.2623, 0.5734 -2.2208 1.271, 0.5335 -2.2208 1.1881, 0.5541 -2.211 1.1762, 0.5717 -2.1953 1.166, 0.5853 -2.1749 1.1582, 0.5938 -2.1512 1.1533, 0.5967 -2.1257 1.1516, 0.5387 -2.1257 1.0665, 0.5107 -2.1257 1.0363, 0.3881 -2.1257 0.9268, 0.3862 -2.1512 0.9296, 0.3807 -2.1749 0.9377, 0.3719 -2.1953 0.9506, 0.3604 -2.211 0.9675, 0.347 -2.2208 0.9871, 0.2989 -2.1257 0.8753, 0.2798 -2.1257 0.8678, 0.1027 -2.1257 0.8148, 0.1022 -2.1512 0.8181, 0.1007 -2.1749 0.8278, 0.0984 -2.1953 0.8433, 0.0954 -2.211 0.8634, 0.0918 -2.2208 0.8869, 0.0 -2.2208 0.88, 0.0 -2.211 0.8563, 0.0 -2.1953 0.8359, 0.0 -2.1749 0.8203, 0.0 -2.1512 0.8104, 0.0 -2.1257 0.8071, -0.1027 -2.1257 0.8148, -0.1428 -2.1257 0.8239, -0.2989 -2.1257 0.8753, -0.2975 -2.1512 0.8783, -0.2932 -2.1749 0.8872, -0.2864 -2.1953 0.9013, -0.2776 -2.211 0.9197, -0.2673 -2.2208 0.941, -0.3881 -2.1257 0.9268, -0.4042 -2.1257 0.9396, -0.5387 -2.1257 1.0665, -0.536 -2.1512 1.0686, -0.5284 -2.1749 1.0747, -0.5161 -2.1953 1.0845, -0.5002 -2.211 1.0972, -0.4816 -2.2208 1.112, -0.5335 -2.2208 1.1881, -0.5541 -2.211 1.1762, -0.5717 -2.1953 1.166, -0.5853 -2.1749 1.1582, -0.5938 -2.1512 1.1533, -0.5967 -2.1257 1.1516, -0.6413 -2.1257 1.2444, -0.6535 -2.1257 1.2837, -0.687 -2.1257 1.4446, -0.6837 -2.1512 1.4448, -0.6739 -2.1749 1.4456, -0.6583 -2.1953 1.4467, -0.638 -2.211 1.4483, -0.6143 -2.2208 1.45, -0.687 -2.1257 1.5476, -0.684 -2.1257 1.5679, -0.6413 -2.1257 1.7478, -0.6382 -2.1512 1.7466, -0.6291 -2.1749 1.743, -0.6145 -2.1953 1.7372, -0.5955 -2.211 1.7298, -0.5734 -2.2208 1.7211, -0.5335 -2.2208 1.8041, -0.5541 -2.211 1.8159, -0.5717 -2.1953 1.8261, -0.5853 -2.1749 1.834, -0.5938 -2.1512 1.8389, -0.5967 -2.1257 1.8406, -0.5387 -2.1257 1.9256, -0.5107 -2.1257 1.9558, -0.3881 -2.1257 2.0653, -0.3862 -2.1512 2.0626, -0.3807 -2.1749 2.0544, -0.3719 -2.1953 2.0415, -0.3604 -2.211 2.0247, -0.347 -2.2208 2.0051, -0.2989 -2.1257 2.1168, -0.2798 -2.1257 2.1243, -0.1027 -2.1257 2.1773, -0.1022 -2.1512 2.174, -0.1007 -2.1749 2.1643, -0.0984 -2.1953 2.1488, -0.0954 -2.211 2.1287, -0.0918 -2.2208 2.1052, 0.0 -1.4766 0.8071, 0.1432 -1.4766 0.8221, 0.2802 -1.4766 0.8667, 0.405 -1.4766 0.9387, 0.512 -1.4766 1.0351, 0.5967 -1.4766 1.1516, 0.6553 -1.4766 1.2832, 0.6852 -1.4766 1.424, 0.6553 -1.4766 1.709, 0.6852 -1.4766 1.5681, 0.6852 -1.4766 1.4961, 0.5967 -1.4766 1.8406, 0.512 -1.4766 1.9571, 0.405 -1.4766 2.0535, 0.2802 -1.4766 2.1255, 0.1432 -1.4766 2.17, 0.0 -1.4766 2.185, -0.1432 -1.4766 2.17, -0.2802 -1.4766 2.1255, -0.405 -1.4766 2.0535, -0.512 -1.4766 1.9571, -0.5967 -1.4766 1.8406, -0.6553 -1.4766 1.709, -0.6852 -1.4766 1.5681, -0.6852 -1.4766 1.424, -0.6852 -1.4766 1.4961, -0.6553 -1.4766 1.2832, -0.5967 -1.4766 1.1516, -0.512 -1.4766 1.0351, -0.405 -1.4766 0.9387, -0.2802 -1.4766 0.8667, -0.1432 -1.4766 0.8221
            ]
        }
        coordIndex [
            0,1,2,-1,2,1,3,-1,2,3,4,-1,5,6,2,-1,2,6,7,-1,2,7,0,-1,8,9,2,-1,2,9,10,-1,2,10,5,-1,11,12,2,-1,2,12,13,-1,2,13,8,-1,14,15,2,-1,2,15,16,-1,2,16,11,-1,17,18,2,-1,2,18,19,-1,2,19,14,-1,20,21,2,-1,2,21,22,-1,2,22,17,-1,23,24,2,-1,2,24,25,-1,2,25,20,-1,26,27,2,-1,2,27,28,-1,2,28,23,-1,29,30,2,-1,2,30,31,-1,2,31,26,-1,32,33,2,-1,2,33,34,-1,2,34,29,-1,35,36,2,-1,2,36,37,-1,2,37,32,-1,38,39,2,-1,2,39,40,-1,2,40,35,-1,4,41,2,-1,2,41,42,-1,2,42,38,-1,43,44,45,-1,46,47,48,-1,49,50,51,-1,52,53,54,-1,55,56,57,-1,58,59,60,-1,61,62,63,-1,64,65,66,-1,67,68,69,-1,70,71,72,-1,73,74,75,-1,76,77,78,-1,1,0,79,-1,79,0,80,-1,79,80,81,-1,81,80,82,-1,81,82,83,-1,83,82,84,-1,83,84,85,-1,85,84,86,-1,85,86,87,-1,87,86,78,-1,6,5,88,-1,88,5,89,-1,88,89,90,-1,90,89,91,-1,90,91,92,-1,92,91,93,-1,92,93,94,-1,94,93,95,-1,94,95,96,-1,96,95,75,-1,8,13,97,-1,97,13,98,-1,97,98,99,-1,99,98,100,-1,99,100,101,-1,101,100,102,-1,101,102,103,-1,103,102,104,-1,103,104,105,-1,105,104,72,-1,11,16,106,-1,106,16,107,-1,106,107,108,-1,108,107,109,-1,108,109,110,-1,110,109,111,-1,110,111,112,-1,112,111,113,-1,112,113,114,-1,114,113,69,-1,19,18,115,-1,115,18,116,-1,115,116,117,-1,117,116,118,-1,117,118,119,-1,119,118,120,-1,119,120,121,-1,121,120,122,-1,121,122,123,-1,123,122,66,-1,22,21,124,-1,124,21,125,-1,124,125,126,-1,126,125,127,-1,126,127,128,-1,128,127,129,-1,128,129,130,-1,130,129,131,-1,130,131,132,-1,132,131,63,-1,24,23,133,-1,133,23,134,-1,133,134,135,-1,135,134,136,-1,135,136,137,-1,137,136,138,-1,137,138,139,-1,139,138,140,-1,139,140,141,-1,141,140,60,-1,27,26,142,-1,142,26,143,-1,142,143,144,-1,144,143,145,-1,144,145,146,-1,146,145,147,-1,146,147,148,-1,148,147,149,-1,148,149,150,-1,150,149,57,-1,29,34,151,-1,151,34,152,-1,151,152,153,-1,153,152,154,-1,153,154,155,-1,155,154,156,-1,155,156,157,-1,157,156,158,-1,157,158,159,-1,159,158,54,-1,32,37,160,-1,160,37,161,-1,160,161,162,-1,162,161,163,-1,162,163,164,-1,164,163,165,-1,164,165,166,-1,166,165,167,-1,166,167,168,-1,168,167,51,-1,40,39,169,-1,169,39,170,-1,169,170,171,-1,171,170,172,-1,171,172,173,-1,173,172,174,-1,173,174,175,-1,175,174,176,-1,175,176,177,-1,177,176,48,-1,42,41,178,-1,178,41,179,-1,178,179,180,-1,180,179,181,-1,180,181,182,-1,182,181,183,-1,182,183,184,-1,184,183,185,-1,184,185,186,-1,186,185,45,-1,3,1,187,-1,187,1,79,-1,187,79,188,-1,188,79,81,-1,188,81,189,-1,189,81,83,-1,189,83,190,-1,190,83,85,-1,190,85,191,-1,191,85,87,-1,191,87,192,-1,192,87,193,-1,78,77,87,-1,87,77,194,-1,87,194,193,-1,195,76,196,-1,196,76,78,-1,196,78,197,-1,197,78,86,-1,197,86,198,-1,198,86,84,-1,198,84,199,-1,199,84,82,-1,199,82,200,-1,200,82,80,-1,200,80,7,-1,7,80,0,-1,7,6,200,-1,200,6,88,-1,200,88,199,-1,199,88,90,-1,199,90,198,-1,198,90,92,-1,198,92,197,-1,197,92,94,-1,197,94,196,-1,196,94,96,-1,196,96,195,-1,195,96,201,-1,75,74,96,-1,96,74,202,-1,96,202,201,-1,203,73,204,-1,204,73,75,-1,204,75,205,-1,205,75,95,-1,205,95,206,-1,206,95,93,-1,206,93,207,-1,207,93,91,-1,207,91,208,-1,208,91,89,-1,208,89,10,-1,10,89,5,-1,10,9,208,-1,208,9,209,-1,208,209,207,-1,207,209,210,-1,207,210,206,-1,206,210,211,-1,206,211,205,-1,205,211,212,-1,205,212,204,-1,204,212,213,-1,204,213,203,-1,203,213,214,-1,9,8,209,-1,209,8,97,-1,209,97,210,-1,210,97,99,-1,210,99,211,-1,211,99,101,-1,211,101,212,-1,212,101,103,-1,212,103,213,-1,213,103,105,-1,213,105,214,-1,214,105,215,-1,72,71,105,-1,105,71,216,-1,105,216,215,-1,217,70,218,-1,218,70,72,-1,218,72,219,-1,219,72,104,-1,219,104,220,-1,220,104,102,-1,220,102,221,-1,221,102,100,-1,221,100,222,-1,222,100,98,-1,222,98,12,-1,12,98,13,-1,12,11,222,-1,222,11,106,-1,222,106,221,-1,221,106,108,-1,221,108,220,-1,220,108,110,-1,220,110,219,-1,219,110,112,-1,219,112,218,-1,218,112,114,-1,218,114,217,-1,217,114,223,-1,69,68,114,-1,114,68,224,-1,114,224,223,-1,225,67,226,-1,226,67,69,-1,226,69,227,-1,227,69,113,-1,227,113,228,-1,228,113,111,-1,228,111,229,-1,229,111,109,-1,229,109,230,-1,230,109,107,-1,230,107,15,-1,15,107,16,-1,15,14,230,-1,230,14,231,-1,230,231,229,-1,229,231,232,-1,229,232,228,-1,228,232,233,-1,228,233,227,-1,227,233,234,-1,227,234,226,-1,226,234,235,-1,226,235,225,-1,225,235,236,-1,14,19,231,-1,231,19,115,-1,231,115,232,-1,232,115,117,-1,232,117,233,-1,233,117,119,-1,233,119,234,-1,234,119,121,-1,234,121,235,-1,235,121,123,-1,235,123,236,-1,236,123,237,-1,66,65,123,-1,123,65,238,-1,123,238,237,-1,239,64,240,-1,240,64,66,-1,240,66,241,-1,241,66,122,-1,241,122,242,-1,242,122,120,-1,242,120,243,-1,243,120,118,-1,243,118,244,-1,244,118,116,-1,244,116,17,-1,17,116,18,-1,17,22,244,-1,244,22,124,-1,244,124,243,-1,243,124,126,-1,243,126,242,-1,242,126,128,-1,242,128,241,-1,241,128,130,-1,241,130,240,-1,240,130,132,-1,240,132,239,-1,239,132,245,-1,63,62,132,-1,132,62,246,-1,132,246,245,-1,247,61,248,-1,248,61,63,-1,248,63,249,-1,249,63,131,-1,249,131,250,-1,250,131,129,-1,250,129,251,-1,251,129,127,-1,251,127,252,-1,252,127,125,-1,252,125,20,-1,20,125,21,-1,20,25,252,-1,252,25,253,-1,252,253,251,-1,251,253,254,-1,251,254,250,-1,250,254,255,-1,250,255,249,-1,249,255,256,-1,249,256,248,-1,248,256,257,-1,248,257,247,-1,247,257,258,-1,25,24,253,-1,253,24,133,-1,253,133,254,-1,254,133,135,-1,254,135,255,-1,255,135,137,-1,255,137,256,-1,256,137,139,-1,256,139,257,-1,257,139,141,-1,257,141,258,-1,258,141,259,-1,60,59,141,-1,141,59,260,-1,141,260,259,-1,261,58,262,-1,262,58,60,-1,262,60,263,-1,263,60,140,-1,263,140,264,-1,264,140,138,-1,264,138,265,-1,265,138,136,-1,265,136,266,-1,266,136,134,-1,266,134,28,-1,28,134,23,-1,28,27,266,-1,266,27,142,-1,266,142,265,-1,265,142,144,-1,265,144,264,-1,264,144,146,-1,264,146,263,-1,263,146,148,-1,263,148,262,-1,262,148,150,-1,262,150,261,-1,261,150,267,-1,57,56,150,-1,150,56,268,-1,150,268,267,-1,269,55,270,-1,270,55,57,-1,270,57,271,-1,271,57,149,-1,271,149,272,-1,272,149,147,-1,272,147,273,-1,273,147,145,-1,273,145,274,-1,274,145,143,-1,274,143,31,-1,31,143,26,-1,31,30,274,-1,274,30,275,-1,274,275,273,-1,273,275,276,-1,273,276,272,-1,272,276,277,-1,272,277,271,-1,271,277,278,-1,271,278,270,-1,270,278,279,-1,270,279,269,-1,269,279,280,-1,30,29,275,-1,275,29,151,-1,275,151,276,-1,276,151,153,-1,276,153,277,-1,277,153,155,-1,277,155,278,-1,278,155,157,-1,278,157,279,-1,279,157,159,-1,279,159,280,-1,280,159,281,-1,54,53,159,-1,159,53,282,-1,159,282,281,-1,283,52,284,-1,284,52,54,-1,284,54,285,-1,285,54,158,-1,285,158,286,-1,286,158,156,-1,286,156,287,-1,287,156,154,-1,287,154,288,-1,288,154,152,-1,288,152,33,-1,33,152,34,-1,33,32,288,-1,288,32,160,-1,288,160,287,-1,287,160,162,-1,287,162,286,-1,286,162,164,-1,286,164,285,-1,285,164,166,-1,285,166,284,-1,284,166,168,-1,284,168,283,-1,283,168,289,-1,51,50,168,-1,168,50,290,-1,168,290,289,-1,291,49,292,-1,292,49,51,-1,292,51,293,-1,293,51,167,-1,293,167,294,-1,294,167,165,-1,294,165,295,-1,295,165,163,-1,295,163,296,-1,296,163,161,-1,296,161,36,-1,36,161,37,-1,36,35,296,-1,296,35,297,-1,296,297,295,-1,295,297,298,-1,295,298,294,-1,294,298,299,-1,294,299,293,-1,293,299,300,-1,293,300,292,-1,292,300,301,-1,292,301,291,-1,291,301,302,-1,35,40,297,-1,297,40,169,-1,297,169,298,-1,298,169,171,-1,298,171,299,-1,299,171,173,-1,299,173,300,-1,300,173,175,-1,300,175,301,-1,301,175,177,-1,301,177,302,-1,302,177,303,-1,48,47,177,-1,177,47,304,-1,177,304,303,-1,305,46,306,-1,306,46,48,-1,306,48,307,-1,307,48,176,-1,307,176,308,-1,308,176,174,-1,308,174,309,-1,309,174,172,-1,309,172,310,-1,310,172,170,-1,310,170,38,-1,38,170,39,-1,38,42,310,-1,310,42,178,-1,310,178,309,-1,309,178,180,-1,309,180,308,-1,308,180,182,-1,308,182,307,-1,307,182,184,-1,307,184,306,-1,306,184,186,-1,306,186,305,-1,305,186,311,-1,45,44,186,-1,186,44,312,-1,186,312,311,-1,313,43,314,-1,314,43,45,-1,314,45,315,-1,315,45,185,-1,315,185,316,-1,316,185,183,-1,316,183,317,-1,317,183,181,-1,317,181,318,-1,318,181,179,-1,318,179,4,-1,4,179,41,-1,4,3,318,-1,318,3,187,-1,318,187,317,-1,317,187,188,-1,317,188,316,-1,316,188,189,-1,316,189,315,-1,315,189,190,-1,315,190,314,-1,314,190,191,-1,314,191,313,-1,313,191,192,-1,319,320,247,-1,321,62,320,-1,320,62,61,-1,320,61,247,-1,64,239,322,-1,322,239,245,-1,322,245,321,-1,321,245,246,-1,321,246,62,-1,64,322,65,-1,65,322,323,-1,65,323,238,-1,238,323,237,-1,237,323,324,-1,237,324,236,-1,236,324,225,-1,225,324,325,-1,225,325,67,-1,67,325,68,-1,68,325,326,-1,68,326,224,-1,327,71,328,-1,328,71,70,-1,328,70,329,-1,329,70,217,-1,329,217,326,-1,326,217,223,-1,326,223,224,-1,330,215,327,-1,327,215,216,-1,327,216,71,-1,331,203,330,-1,330,203,214,-1,330,214,215,-1,332,74,331,-1,331,74,73,-1,331,73,203,-1,76,195,333,-1,333,195,201,-1,333,201,332,-1,332,201,202,-1,332,202,74,-1,76,333,77,-1,77,333,334,-1,77,334,194,-1,194,334,193,-1,193,334,335,-1,193,335,192,-1,192,335,313,-1,313,335,336,-1,313,336,43,-1,43,336,44,-1,44,336,337,-1,44,337,312,-1,338,305,337,-1,337,305,311,-1,337,311,312,-1,339,47,338,-1,338,47,46,-1,338,46,305,-1,340,303,339,-1,339,303,304,-1,339,304,47,-1,341,291,340,-1,340,291,302,-1,340,302,303,-1,342,50,341,-1,341,50,49,-1,341,49,291,-1,343,52,283,-1,343,283,344,-1,344,283,289,-1,344,289,342,-1,342,289,290,-1,342,290,50,-1,52,343,53,-1,53,343,345,-1,53,345,282,-1,282,345,281,-1,281,345,346,-1,281,346,280,-1,280,346,269,-1,269,346,347,-1,269,347,55,-1,55,347,56,-1,56,347,348,-1,56,348,268,-1,349,261,348,-1,348,261,267,-1,348,267,268,-1,350,59,349,-1,349,59,58,-1,349,58,261,-1,247,258,319,-1,319,258,259,-1,319,259,350,-1,350,259,260,-1,350,260,59,-1,
        ]
    }
}
Shape{
    appearance Appearance {
        material  Material 	{
            diffuseColor 1.0 1.0 1.0
            specularColor 0.8784313725490196 0.8784313725490196 0.8784313725490196
            ambientIntensity 1.0
            transparency 0.0
            shininess 0.5
        }
    }
    geometry IndexedFaceSet {
        ccw TRUE
        solid FALSE
        coord DEF co Coordinate {
            point [
                1.2008 -1.3192 0.3543, 1.2008 -1.3192 2.6378, 1.2795 -1.3192 1.4961, 1.2795 -1.3192 2.6772, 1.437 -1.3192 1.4961, 1.3962 -1.3192 1.4907, -1.2795 -1.3192 1.3386, -1.2849 -1.3192 1.3793, -1.2795 -1.3192 1.4961, -1.3006 -1.3192 1.4173, -1.3257 -1.3192 1.4499, -1.2795 -1.3192 2.6772, -1.2008 -1.3192 2.6378, -1.2008 -1.3192 0.3543, -1.3583 -1.3192 1.475, -1.3962 -1.3192 1.4907, -1.437 -1.3192 1.4961, 1.3583 -1.3192 1.475, 1.3257 -1.3192 1.4499, 1.3006 -1.3192 1.4173, 1.2849 -1.3192 1.3793, 1.2795 -1.3192 1.3386, 1.2795 -1.3192 0.315, -1.2795 -1.3192 0.315, 1.2795 0.8068 0.0, 1.2795 0.8068 -0.1154, 1.2795 0.6887 -0.1154, 1.2795 -0.0987 1.4961, 1.2795 0.6493 2.6772, 1.2795 0.6887 -0.1208, 1.2795 0.295 -0.1208, 1.2795 -0.0987 0.7087, 1.2795 0.295 0.2221, 1.2795 0.1641 0.2221, 1.2795 1.0824 1.4398, 1.2795 1.0824 0.0, 1.2795 -0.6892 0.1181, 1.2795 0.0194 0.0, 1.2795 -0.6892 0.0, 0.8858 -0.4333 -1.4961, 0.8858 -0.5514 -1.4961, 0.8502 -0.5514 -1.4914, 0.8502 -0.4333 -1.4914, 0.8169 -0.5514 -1.4776, 0.8169 -0.4333 -1.4776, 0.7884 -0.5514 -1.4557, 0.7884 -0.4333 -1.4557, 0.7665 -0.5514 -1.4272, 0.7665 -0.4333 -1.4272, 0.7527 -0.5514 -1.3939, 0.7527 -0.4333 -1.3939, 0.748 -0.5514 -1.3583, 0.748 -0.4333 -1.3583, 0.9215 -0.4333 -1.4914, 0.9215 -0.5514 -1.4914, 0.9547 -0.4333 -1.4776, 0.9547 -0.5514 -1.4776, 0.9833 -0.4333 -1.4557, 0.9833 -0.5514 -1.4557, 1.0052 -0.4333 -1.4272, 1.0052 -0.5514 -1.4272, 1.0189 -0.4333 -1.3939, 1.0189 -0.5514 -1.3939, 1.0236 -0.4333 -1.3583, 1.0236 -0.5514 -1.3583, -1.0236 -0.5514 -1.3583, -1.0236 -0.4333 -1.3583, -1.0189 -0.4333 -1.3939, -1.0189 -0.5514 -1.3939, -1.0052 -0.4333 -1.4272, -1.0052 -0.5514 -1.4272, -0.9833 -0.4333 -1.4557, -0.9833 -0.5514 -1.4557, -0.9547 -0.4333 -1.4776, -0.9547 -0.5514 -1.4776, -0.9215 -0.4333 -1.4914, -0.9215 -0.5514 -1.4914, -0.8858 -0.4333 -1.4961, -0.8858 -0.5514 -1.4961, -0.748 -0.4333 -1.3583, -0.748 -0.5514 -1.3583, -0.7527 -0.5514 -1.3939, -0.7527 -0.4333 -1.3939, -0.7665 -0.5514 -1.4272, -0.7665 -0.4333 -1.4272, -0.7884 -0.5514 -1.4557, -0.7884 -0.4333 -1.4557, -0.8169 -0.5514 -1.4776, -0.8169 -0.4333 -1.4776, -0.8502 -0.5514 -1.4914, -0.8502 -0.4333 -1.4914, 1.0236 -0.5514 0.315, 0.748 -0.5514 0.315, 0.748 -0.4333 0.315, 1.0236 -0.4333 0.315, -0.748 -0.5514 0.315, -1.0236 -0.5514 0.315, -1.0236 -0.4333 0.315, -0.748 -0.4333 0.315
            ]
        }
        coordIndex [
            0,1,2,-1,2,1,3,-1,2,4,5,-1,6,7,8,-1,8,7,9,-1,8,9,10,-1,3,1,11,-1,11,1,12,-1,11,12,8,-1,8,12,13,-1,8,13,6,-1,10,14,8,-1,8,14,15,-1,8,15,16,-1,5,17,2,-1,2,17,18,-1,2,18,19,-1,19,20,2,-1,2,20,21,-1,2,21,0,-1,0,21,22,-1,0,22,13,-1,13,22,23,-1,13,23,6,-1,24,25,26,-1,2,3,27,-1,27,3,28,-1,26,29,30,-1,31,32,33,-1,34,35,24,-1,31,33,36,-1,36,33,37,-1,36,37,38,-1,28,34,27,-1,27,34,24,-1,27,24,31,-1,31,24,26,-1,31,26,32,-1,32,26,30,-1,39,40,41,-1,39,41,42,-1,42,41,43,-1,42,43,44,-1,44,43,45,-1,44,45,46,-1,46,45,47,-1,46,47,48,-1,48,47,49,-1,48,49,50,-1,50,49,51,-1,50,51,52,-1,40,39,53,-1,40,53,54,-1,54,53,55,-1,54,55,56,-1,56,55,57,-1,56,57,58,-1,58,57,59,-1,58,59,60,-1,60,59,61,-1,60,61,62,-1,62,61,63,-1,62,63,64,-1,65,66,67,-1,65,67,68,-1,68,67,69,-1,68,69,70,-1,70,69,71,-1,70,71,72,-1,72,71,73,-1,72,73,74,-1,74,73,75,-1,74,75,76,-1,76,75,77,-1,76,77,78,-1,79,80,81,-1,79,81,82,-1,82,81,83,-1,82,83,84,-1,84,83,85,-1,84,85,86,-1,86,85,87,-1,86,87,88,-1,88,87,89,-1,88,89,90,-1,90,89,78,-1,90,78,77,-1,64,91,92,-1,41,40,64,-1,92,51,64,-1,64,51,49,-1,64,49,47,-1,40,54,64,-1,64,54,56,-1,64,56,62,-1,62,56,58,-1,62,58,60,-1,47,45,64,-1,64,45,43,-1,64,43,41,-1,51,92,52,-1,52,92,93,-1,93,94,52,-1,52,94,63,-1,59,57,61,-1,61,57,55,-1,61,55,63,-1,63,55,53,-1,63,53,39,-1,39,42,63,-1,63,42,44,-1,63,44,46,-1,46,48,63,-1,63,48,50,-1,63,50,52,-1,63,94,64,-1,64,94,91,-1,95,96,80,-1,80,96,65,-1,80,65,81,-1,78,68,70,-1,70,72,78,-1,78,72,74,-1,78,74,76,-1,68,78,65,-1,65,78,89,-1,65,89,87,-1,87,85,65,-1,65,85,83,-1,65,83,81,-1,65,96,66,-1,66,96,97,-1,97,98,66,-1,66,98,79,-1,82,84,77,-1,73,71,79,-1,84,86,77,-1,77,86,88,-1,77,88,90,-1,71,69,79,-1,79,69,67,-1,79,67,66,-1,82,77,79,-1,79,77,75,-1,79,75,73,-1,79,98,80,-1,80,98,95,-1,
        ]
    }
}
Shape{
    appearance Appearance {
        material  Material 	{
            diffuseColor 0.2235294117647059 0.2235294117647059 0.2235294117647059
            specularColor 0.11372549019607843 0.11372549019607843 0.11372549019607843
            ambientIntensity 0.2235
            transparency 0.0
            shininess 0.5
        }
    }
    geometry IndexedFaceSet {
        ccw TRUE
        solid FALSE
        coord DEF co Coordinate {
            point [
                1.2402 -1.2995 2.6772, 1.2402 -1.2995 0.315, 1.2402 -0.6591 2.6772, 1.2402 -0.2564 0.315, 1.2402 -0.2564 2.6772
            ]
        }
        coordIndex [
            0,1,2,-1,2,1,3,-1,2,3,4,-1,
        ]
    }
}
Shape{
    appearance Appearance {
        material  Material 	{
            diffuseColor 0.25098039215686274 0.25098039215686274 0.25098039215686274
            specularColor 0.12549019607843137 0.12549019607843137 0.12549019607843137
            ambientIntensity 0.251
            transparency 0.0
            shininess 0.5
        }
    }
    geometry IndexedFaceSet {
        ccw TRUE
        solid FALSE
        coord DEF co Coordinate {
            point [
                1.2402 -1.2995 0.315, 1.2402 -1.2995 2.6772, 1.2008 -1.2995 2.6378, 0.0245 -1.2995 2.6772, -1.2008 -1.2995 2.6378, -1.2402 -1.2995 2.6772, -1.2008 -1.2995 0.3543, -1.2402 -1.2995 0.315, 1.2008 -1.2995 0.3543
            ]
        }
        coordIndex [
            0,1,2,-1,2,1,3,-1,2,3,4,-1,4,3,5,-1,4,5,6,-1,6,5,7,-1,6,7,8,-1,8,7,0,-1,8,0,2,-1,
        ]
    }
}
Shape{
    appearance Appearance {
        material  Material 	{
            diffuseColor 1.0 1.0 1.0
            specularColor 0.8784313725490196 0.8784313725490196 0.8784313725490196
            ambientIntensity 1.0
            transparency 0.0
            shininess 0.5
        }
    }
    geometry IndexedFaceSet {
        ccw TRUE
        solid FALSE
        coord DEF co Coordinate {
            point [
                1.2795 -1.4766 1.3386, 1.2795 -1.4766 0.315, 1.2795 -1.3192 1.3386, 1.2795 -1.3192 0.315, 1.437 -0.6892 0.1181, 1.2795 -0.6892 0.1181, 1.437 -0.6892 0.0, 1.2795 -0.6892 0.0, 1.437 -0.0987 0.7087, 1.2795 -0.0987 0.7087, 1.437 -0.0987 1.4961, 1.2795 -0.0987 1.4961, 1.2795 -1.3192 1.4961, 1.437 -1.3192 1.4961, -1.2795 -1.3192 1.3386, -1.2795 -1.3192 0.315, -1.2795 -1.4766 1.3386, -1.2795 -1.4766 0.315, -1.437 -1.3192 1.4961, -1.437 -0.0987 1.4961, -1.2795 -1.3192 1.4961, -1.2795 -0.0987 1.4961, -1.437 -0.0987 0.7087, -1.2795 -0.0987 0.7087, -1.437 -0.6892 0.1181, -1.2795 -0.6892 0.1181, -1.437 -0.6892 0.0, -1.2795 -0.6892 0.0
            ]
        }
        coordIndex [
            0,1,2,-1,2,1,3,-1,4,5,6,-1,6,5,7,-1,8,9,4,-1,4,9,5,-1,10,11,8,-1,8,11,9,-1,12,11,13,-1,13,11,10,-1,14,15,16,-1,16,15,17,-1,18,19,20,-1,20,19,21,-1,22,23,19,-1,19,23,21,-1,24,25,22,-1,22,25,23,-1,26,27,24,-1,24,27,25,-1,
        ]
    }
}
Shape{
    appearance Appearance {
        material  Material 	{
            diffuseColor 0.25098039215686274 0.25098039215686274 0.25098039215686274
            specularColor 0.12549019607843137 0.12549019607843137 0.12549019607843137
            ambientIntensity 0.251
            transparency 0.0
            shininess 0.5
        }
    }
    geometry IndexedFaceSet {
        ccw TRUE
        solid FALSE
        coord DEF co Coordinate {
            point [
                -1.2008 -1.3192 2.6378, -1.2008 -1.2995 2.6378, -1.2008 -1.3192 0.3543, -1.2008 -1.2995 0.3543, 1.2008 -1.2995 2.6378, 1.2008 -1.3192 2.6378, 1.2008 -1.2995 0.3543, 1.2008 -1.3192 0.3543
            ]
        }
        coordIndex [
            0,1,2,-1,2,1,3,-1,4,5,6,-1,6,5,7,-1,
        ]
    }
}
Shape{
    appearance Appearance {
        material  Material 	{
            diffuseColor 1.0 1.0 1.0
            specularColor 0.8784313725490196 0.8784313725490196 0.8784313725490196
            ambientIntensity 1.0
            transparency 0.0
            shininess 0.5
        }
    }
    geometry IndexedFaceSet {
        ccw TRUE
        solid FALSE
        coord DEF co Coordinate {
            point [
                -1.4343 -1.4183 1.496, -1.4363 -1.4082 1.4961, -1.3962 -1.3192 1.4907, -1.437 -1.3979 1.4961, -1.437 -1.3192 1.4961, -1.4207 -1.4458 1.4952, -1.4265 -1.4373 1.4957, -1.431 -1.4281 1.496, -1.3976 -1.466 1.491, -1.4062 -1.4604 1.493, -1.4139 -1.4536 1.4944, -1.3684 -1.476 1.4803, -1.3786 -1.474 1.4849, -1.3583 -1.3192 1.475, -1.3876 -1.471 1.4881, -1.3962 -1.4669 1.4907, -1.2795 -1.3192 1.3386, -1.2795 -1.4766 1.3386, -1.2849 -1.3192 1.3793, -1.2849 -1.4766 1.3793, -1.3006 -1.3192 1.4173, -1.3006 -1.4766 1.4173, -1.3257 -1.3192 1.4499, -1.3257 -1.4766 1.4499, -1.3583 -1.4766 1.475, 1.3786 -1.474 1.4849, 1.3583 -1.3192 1.475, 1.3876 -1.471 1.4881, 1.3962 -1.3192 1.4907, 1.437 -1.3192 1.4961, 1.437 -1.3979 1.4961, 1.4363 -1.4082 1.4961, 1.4343 -1.4183 1.496, 1.431 -1.4281 1.496, 1.4265 -1.4373 1.4957, 1.4207 -1.4459 1.4952, 1.4139 -1.4536 1.4944, 1.4062 -1.4604 1.493, 1.3976 -1.4661 1.4911, 1.3963 -1.4668 1.4907, 1.2795 -1.4766 1.3386, 1.2795 -1.3192 1.3386, 1.2849 -1.4766 1.3793, 1.2849 -1.3192 1.3793, 1.3006 -1.4766 1.4173, 1.3006 -1.3192 1.4173, 1.3257 -1.4766 1.4499, 1.3257 -1.3192 1.4499, 1.3583 -1.4766 1.475, 1.3684 -1.476 1.4803, -1.2795 1.0824 1.4398, -1.2795 1.0824 0.0, -1.437 1.0824 1.4398, -1.437 1.0824 0.0, 1.2795 1.0824 1.4398, 1.437 1.0824 1.4398, 1.2795 1.0824 0.0, 1.437 1.0824 0.0, 1.2795 0.6887 -0.1208, 1.4691 0.6887 -0.8063, 1.2795 0.295 -0.1208, 1.4691 0.295 -0.8063, 1.2914 0.6887 -1.2992, 1.2914 0.295 -1.2992, 1.2914 0.61 -1.475, 1.2914 0.572 -1.4907, 1.2914 0.5312 -1.4961, 1.2914 0.295 -1.3386, 1.2914 0.4525 -1.4961, 1.2914 0.6887 -1.3386, 1.2914 0.6834 -1.3793, 1.2914 0.6676 -1.4173, 1.2914 0.6426 -1.4499, 1.2914 0.3738 -1.475, 1.2914 0.3411 -1.4499, 1.2914 0.3161 -1.4173, 1.2914 0.4117 -1.4907, 1.2914 0.3004 -1.3793, 1.437 0.4525 -1.4961, 1.437 0.5312 -1.4961, 1.2795 0.8068 -0.1154, 1.437 0.8068 -0.1154, 1.2795 0.6887 -0.1154, 1.437 0.6887 -0.1154, 1.6285 0.6887 -0.8079, 1.4372 0.6887 -1.3386, 1.4372 0.295 -1.3386, 1.6285 0.295 -0.8079, 1.437 0.295 0.2221, 1.2795 0.295 0.2221, 1.437 0.295 -0.1154, -1.2795 0.295 0.2221, -1.437 0.295 0.2221, -1.2795 0.295 -0.1208, -1.437 0.295 -0.1154, -1.4691 0.295 -0.8063, -1.6285 0.295 -0.8079, -1.2914 0.295 -1.2992, -1.4372 0.295 -1.3386, -1.2914 0.295 -1.3386, -1.2795 0.6887 -0.1154, -1.437 0.6887 -0.1154, -1.2795 0.8068 -0.1154, -1.437 0.8068 -0.1154, -1.2914 0.6887 -1.3386, -1.4372 0.6887 -1.3386, -1.2914 0.6887 -1.2992, -1.6285 0.6887 -0.8079, -1.4691 0.6887 -0.8063, -1.2795 0.6887 -0.1208, -1.437 0.1641 0.2221, -1.2795 0.1641 0.2221, -1.437 0.0194 0.0, -1.2795 0.0194 0.0, 1.437 0.1641 0.2221, 1.437 0.0194 0.0, 1.2795 0.1641 0.2221, 1.2795 0.0194 0.0, -1.437 0.4525 -1.4961, -1.2914 0.4525 -1.4961, -1.2914 0.4117 -1.4907, -1.437 0.4117 -1.4907, -1.2914 0.3738 -1.475, -1.437 0.3738 -1.475, -1.2914 0.3411 -1.4499, -1.437 0.3411 -1.4499, -1.2914 0.3161 -1.4173, -1.437 0.3161 -1.4173, -1.2914 0.3004 -1.3793, -1.437 0.3004 -1.3793, -1.437 0.295 -1.339, -1.437 0.6887 -1.339, -1.437 0.6834 -1.3793, -1.2914 0.6834 -1.3793, -1.2914 0.6676 -1.4173, -1.437 0.6676 -1.4173, -1.2914 0.6426 -1.4499, -1.437 0.6426 -1.4499, -1.2914 0.61 -1.475, -1.437 0.61 -1.475, -1.2914 0.572 -1.4907, -1.437 0.572 -1.4907, -1.2914 0.5312 -1.4961, -1.437 0.5312 -1.4961, 1.437 0.295 -1.339, 1.437 0.3004 -1.3793, 1.437 0.3161 -1.4173, 1.437 0.3411 -1.4499, 1.437 0.3738 -1.475, 1.437 0.4117 -1.4907, 1.437 0.6887 -1.339, 1.437 0.6834 -1.3793, 1.437 0.6676 -1.4173, 1.437 0.6426 -1.4499, 1.437 0.61 -1.475, 1.437 0.572 -1.4907
            ]
        }
        coordIndex [
            0,1,2,-1,2,1,3,-1,2,3,4,-1,5,6,2,-1,2,6,7,-1,2,7,0,-1,8,9,2,-1,2,9,10,-1,2,10,5,-1,11,12,13,-1,13,12,14,-1,13,14,2,-1,2,14,15,-1,2,15,8,-1,16,17,18,-1,18,17,19,-1,18,19,20,-1,20,19,21,-1,20,21,22,-1,22,21,23,-1,22,23,13,-1,13,23,24,-1,13,24,11,-1,25,26,27,-1,27,26,28,-1,29,30,28,-1,28,30,31,-1,31,32,28,-1,28,32,33,-1,28,33,34,-1,34,35,28,-1,28,35,36,-1,28,36,37,-1,37,38,28,-1,28,38,39,-1,28,39,27,-1,40,41,42,-1,42,41,43,-1,42,43,44,-1,44,43,45,-1,44,45,46,-1,46,45,47,-1,46,47,48,-1,48,47,26,-1,48,26,49,-1,49,26,25,-1,50,51,52,-1,52,51,53,-1,54,55,56,-1,56,55,57,-1,58,59,60,-1,60,59,61,-1,59,62,61,-1,61,62,63,-1,64,65,63,-1,63,65,66,-1,63,66,67,-1,67,66,68,-1,62,69,63,-1,63,69,70,-1,70,71,63,-1,63,71,72,-1,63,72,64,-1,73,74,75,-1,68,76,67,-1,67,76,73,-1,67,73,77,-1,77,73,75,-1,68,66,78,-1,78,66,79,-1,80,81,82,-1,82,81,83,-1,82,83,58,-1,58,83,84,-1,58,84,59,-1,59,84,62,-1,62,84,85,-1,62,85,69,-1,67,86,63,-1,63,86,87,-1,88,89,90,-1,90,89,60,-1,90,60,87,-1,87,60,61,-1,87,61,63,-1,91,92,93,-1,93,92,94,-1,93,94,95,-1,95,94,96,-1,95,96,97,-1,97,96,98,-1,97,98,99,-1,100,101,102,-1,102,101,103,-1,104,105,106,-1,106,105,107,-1,106,107,108,-1,108,107,109,-1,109,107,101,-1,109,101,100,-1,110,92,111,-1,111,92,91,-1,112,110,113,-1,113,110,111,-1,114,115,116,-1,116,115,117,-1,88,114,89,-1,89,114,116,-1,118,119,120,-1,118,120,121,-1,121,120,122,-1,121,122,123,-1,123,122,124,-1,123,124,125,-1,125,124,126,-1,125,126,127,-1,127,126,128,-1,127,128,129,-1,99,98,128,-1,128,98,130,-1,128,130,129,-1,131,105,104,-1,131,104,132,-1,104,133,132,-1,132,133,134,-1,132,134,135,-1,135,134,136,-1,135,136,137,-1,137,136,138,-1,137,138,139,-1,139,138,140,-1,139,140,141,-1,141,140,142,-1,141,142,143,-1,144,86,67,-1,144,67,145,-1,67,77,145,-1,145,77,75,-1,145,75,146,-1,146,75,74,-1,146,74,147,-1,147,74,73,-1,147,73,148,-1,148,73,76,-1,148,76,149,-1,149,76,68,-1,149,68,78,-1,69,85,70,-1,70,85,150,-1,150,151,70,-1,70,151,152,-1,70,152,71,-1,71,152,153,-1,71,153,72,-1,72,153,154,-1,72,154,64,-1,64,154,155,-1,64,155,65,-1,65,155,79,-1,65,79,66,-1,
        ]
    }
}
Shape{
    appearance Appearance {
        material  Material 	{
            diffuseColor 0.25098039215686274 0.25098039215686274 0.25098039215686274
            specularColor 0.12549019607843137 0.12549019607843137 0.12549019607843137
            ambientIntensity 0.251
            transparency 0.0
            shininess 0.5
        }
    }
    geometry IndexedFaceSet {
        ccw TRUE
        solid FALSE
        coord DEF co Coordinate {
            point [
                -0.3523 -0.2564 0.3953, -0.3523 -0.2564 2.5847, -0.2476 -0.2564 2.5847, -1.2402 -0.2564 2.6772, 0.0245 -0.2564 2.6772, 0.2476 -0.2564 2.5847, 1.2402 -0.2564 0.315, -1.2402 -0.2564 0.315, -1.1594 -0.2564 2.5847, -1.1594 -0.2564 0.3953, 1.2402 -0.2564 2.6772, 0.3523 -0.2564 2.5847, 0.2476 -0.2564 0.4074, 0.3523 -0.2564 0.3953, -0.2476 -0.2564 0.4074, 1.1594 -0.2564 0.3953, 1.1594 -0.2564 2.5847, 1.1594 -0.0596 2.5847, 1.1594 -0.0596 0.3953, 0.3523 -0.0596 2.5847, 0.3523 -0.0596 0.3953, -1.1594 -0.0596 2.5847, -0.3523 -0.0596 2.5847, -1.1594 -0.0596 0.3953, -0.3523 -0.0596 0.3953, 0.5499 -0.1383 2.0994, 0.7771 -0.1383 2.0994, 0.5499 -0.1383 0.9018, 0.7771 -0.1383 0.9018, 0.5499 -0.0596 2.0994, 0.5499 -0.0596 0.9018, 0.7771 -0.0596 2.0994, 0.7771 -0.0596 0.9018
            ]
        }
        coordIndex [
            0,1,2,-1,3,4,2,-1,2,4,5,-1,0,6,7,-1,2,1,3,-1,3,1,8,-1,3,8,7,-1,7,8,9,-1,7,9,0,-1,4,10,5,-1,5,10,11,-1,5,11,12,-1,12,11,13,-1,12,13,14,-1,2,14,0,-1,0,14,13,-1,0,13,6,-1,6,13,15,-1,6,15,10,-1,10,15,16,-1,10,16,11,-1,16,15,17,-1,17,15,18,-1,11,16,19,-1,19,16,17,-1,13,11,20,-1,20,11,19,-1,15,13,18,-1,18,13,20,-1,8,1,21,-1,21,1,22,-1,9,8,23,-1,23,8,21,-1,0,9,24,-1,24,9,23,-1,1,0,22,-1,22,0,24,-1,25,26,27,-1,27,26,28,-1,25,27,29,-1,29,27,30,-1,26,25,31,-1,31,25,29,-1,28,26,32,-1,32,26,31,-1,27,28,30,-1,30,28,32,-1,
        ]
    }
}
Shape{
    appearance Appearance {
        material  Material 	{
            diffuseColor 0.2235294117647059 0.2235294117647059 0.2235294117647059
            specularColor 0.11372549019607843 0.11372549019607843 0.11372549019607843
            ambientIntensity 0.2235
            transparency 0.0
            shininess 0.5
        }
    }
    geometry IndexedFaceSet {
        ccw TRUE
        solid FALSE
        coord DEF co Coordinate {
            point [
                0.5499 -0.0596 0.9018, 0.3523 -0.0596 0.3953, 0.5499 -0.0596 2.0994, 0.3523 -0.0596 2.5847, 0.7771 -0.0596 2.0994, 1.1594 -0.0596 2.5847, 0.7771 -0.0596 0.9018, 1.1594 -0.0596 0.3953
            ]
        }
        coordIndex [
            0,1,2,-1,2,1,3,-1,2,3,4,-1,4,3,5,-1,4,5,6,-1,6,5,7,-1,6,7,0,-1,0,7,1,-1,
        ]
    }
}
Shape{
    appearance Appearance {
        material  Material 	{
            diffuseColor 0.25098039215686274 0.25098039215686274 0.25098039215686274
            specularColor 0.12549019607843137 0.12549019607843137 0.12549019607843137
            ambientIntensity 0.251
            transparency 0.0
            shininess 0.5
        }
    }
    geometry IndexedFaceSet {
        ccw TRUE
        solid FALSE
        coord DEF co Coordinate {
            point [
                -0.5499 -0.1383 0.9018, -0.7771 -0.1383 0.9018, -0.5499 -0.1383 2.0994, -0.7771 -0.1383 2.0994, -0.5499 -0.0596 0.9018, -0.5499 -0.0596 2.0994, -0.7771 -0.0596 0.9018, -0.7771 -0.0596 2.0994
            ]
        }
        coordIndex [
            0,1,2,-1,2,1,3,-1,0,2,4,-1,4,2,5,-1,1,0,6,-1,6,0,4,-1,3,1,7,-1,7,1,6,-1,2,3,5,-1,5,3,7,-1,
        ]
    }
}
Shape{
    appearance Appearance {
        material  Material 	{
            diffuseColor 0.2235294117647059 0.2235294117647059 0.2235294117647059
            specularColor 0.11372549019607843 0.11372549019607843 0.11372549019607843
            ambientIntensity 0.2235
            transparency 0.0
            shininess 0.5
        }
    }
    geometry IndexedFaceSet {
        ccw TRUE
        solid FALSE
        coord DEF co Coordinate {
            point [
                -0.5499 -0.0596 0.9018, -0.3523 -0.0596 0.3953, -0.7771 -0.0596 0.9018, -1.1594 -0.0596 0.3953, -0.7771 -0.0596 2.0994, -1.1594 -0.0596 2.5847, -0.5499 -0.0596 2.0994, -0.3523 -0.0596 2.5847
            ]
        }
        coordIndex [
            0,1,2,-1,2,1,3,-1,2,3,4,-1,4,3,5,-1,4,5,6,-1,6,5,7,-1,6,7,0,-1,0,7,1,-1,
        ]
    }
}
Shape{
    appearance Appearance {
        material  Material 	{
            diffuseColor 0.25098039215686274 0.25098039215686274 0.25098039215686274
            specularColor 0.12549019607843137 0.12549019607843137 0.12549019607843137
            ambientIntensity 0.251
            transparency 0.0
            shininess 0.5
        }
    }
    geometry IndexedFaceSet {
        ccw TRUE
        solid FALSE
        coord DEF co Coordinate {
            point [
                0.2476 -0.3352 2.5847, -0.2476 -0.3352 2.5847, 0.2476 -0.2564 2.5847, -0.2476 -0.2564 2.5847, -0.2476 -0.3352 0.4074, -0.2476 -0.2564 0.4074, 0.2476 -0.3352 0.4074, 0.2476 -0.2564 0.4074
            ]
        }
        coordIndex [
            0,1,2,-1,2,1,3,-1,1,4,3,-1,3,4,5,-1,4,6,5,-1,5,6,7,-1,6,0,7,-1,7,0,2,-1,6,4,0,-1,0,4,1,-1,
        ]
    }
}
Shape{
    appearance Appearance {
        material  Material 	{
            diffuseColor 1.0 1.0 1.0
            specularColor 0.8784313725490196 0.8784313725490196 0.8784313725490196
            ambientIntensity 1.0
            transparency 0.0
            shininess 0.5
        }
    }
    geometry IndexedFaceSet {
        ccw TRUE
        solid FALSE
        coord DEF co Coordinate {
            point [
                0.2002 -0.6598 2.6378, 0.2463 -0.778 2.6378, 0.2002 -0.6598 2.6772, 0.2463 -0.778 2.6772, 0.229 -0.778 2.6378, 0.229 -0.778 2.6772, 0.2171 -0.7448 2.6378, 0.2171 -0.7448 2.6772, 0.1683 -0.7448 2.6378, 0.1683 -0.7448 2.6772, 0.157 -0.778 2.6378, 0.157 -0.778 2.6772, 0.1397 -0.778 2.6378, 0.1397 -0.778 2.6772, 0.1844 -0.6598 2.6378, 0.1844 -0.6598 2.6772, 0.1723 -0.7319 2.6378, 0.2118 -0.7319 2.6378, 0.1899 -0.6825 2.6378, 0.191 -0.6784 2.6378, 0.1918 -0.6742 2.6378, 0.1922 -0.6742 2.6378, 0.1929 -0.6784 2.6378, 0.194 -0.6825 2.6378, 0.1723 -0.7319 2.6772, 0.2118 -0.7319 2.6772, 0.1899 -0.6825 2.6772, 0.191 -0.6784 2.6772, 0.1918 -0.6742 2.6772, 0.1922 -0.6742 2.6772, 0.1929 -0.6784 2.6772, 0.194 -0.6825 2.6772, 0.0681 -0.778 2.6378, 0.036 -0.778 2.6378, 0.0681 -0.778 2.6772, 0.036 -0.778 2.6772, 0.036 -0.6598 2.6378, 0.036 -0.6598 2.6772, 0.0693 -0.6598 2.6378, 0.0693 -0.6598 2.6772, 0.1311 -0.7174 2.6378, 0.1311 -0.7174 2.6772, 0.1303 -0.7066 2.6772, 0.1303 -0.7066 2.6378, 0.1271 -0.6948 2.6772, 0.1271 -0.6948 2.6378, 0.1216 -0.6845 2.6772, 0.1216 -0.6845 2.6378, 0.1132 -0.6752 2.6772, 0.1132 -0.6752 2.6378, 0.1131 -0.6751 2.6772, 0.1131 -0.6751 2.6378, 0.1002 -0.6665 2.6772, 0.1002 -0.6665 2.6378, 0.0864 -0.6617 2.6772, 0.0864 -0.6617 2.6378, 0.0831 -0.7766 2.6772, 0.0831 -0.7766 2.6378, 0.0967 -0.7725 2.6772, 0.0967 -0.7725 2.6378, 0.1089 -0.7653 2.6772, 0.1089 -0.7653 2.6378, 0.1186 -0.7559 2.6772, 0.1186 -0.7559 2.6378, 0.1252 -0.7455 2.6772, 0.1252 -0.7455 2.6378, 0.1294 -0.7332 2.6772, 0.1294 -0.7332 2.6378, 0.1074 -0.6894 2.6378, 0.1016 -0.6833 2.6378, 0.093 -0.6777 2.6378, 0.0833 -0.6743 2.6378, 0.0693 -0.6728 2.6378, 0.0519 -0.6728 2.6378, 0.0519 -0.765 2.6378, 0.0686 -0.765 2.6378, 0.0811 -0.7638 2.6378, 0.091 -0.7607 2.6378, 0.0991 -0.7559 2.6378, 0.1058 -0.7493 2.6378, 0.1107 -0.7413 2.6378, 0.1138 -0.7319 2.6378, 0.1152 -0.7178 2.6378, 0.1142 -0.706 2.6378, 0.1115 -0.6966 2.6378, 0.0693 -0.6728 2.6772, 0.0519 -0.6728 2.6772, 0.0833 -0.6743 2.6772, 0.093 -0.6777 2.6772, 0.1016 -0.6833 2.6772, 0.1074 -0.6894 2.6772, 0.1115 -0.6966 2.6772, 0.1142 -0.706 2.6772, 0.1152 -0.7178 2.6772, 0.1138 -0.7319 2.6772, 0.1107 -0.7413 2.6772, 0.1058 -0.7493 2.6772, 0.0991 -0.7559 2.6772, 0.091 -0.7607 2.6772, 0.0811 -0.7638 2.6772, 0.0686 -0.765 2.6772, 0.0519 -0.765 2.6772, 0.013 -0.765 2.6378, 0.013 -0.778 2.6378, 0.013 -0.765 2.6772, 0.013 -0.778 2.6772, -0.0504 -0.778 2.6378, -0.0504 -0.778 2.6772, -0.0504 -0.6598 2.6378, -0.0504 -0.6598 2.6772, 0.0101 -0.6598 2.6378, 0.0101 -0.6598 2.6772, 0.0101 -0.6728 2.6378, 0.0101 -0.6728 2.6772, -0.0346 -0.6728 2.6378, -0.0346 -0.6728 2.6772, -0.0346 -0.7117 2.6378, -0.0346 -0.7117 2.6772, 0.0072 -0.7117 2.6378, 0.0072 -0.7117 2.6772, 0.0072 -0.7247 2.6378, 0.0072 -0.7247 2.6772, -0.0346 -0.7247 2.6378, -0.0346 -0.7247 2.6772, -0.0346 -0.765 2.6378, -0.0346 -0.765 2.6772, -0.0735 -0.7589 2.6378, -0.0735 -0.7718 2.6378, -0.0735 -0.7589 2.6772, -0.0735 -0.7718 2.6772, -0.106 -0.7794 2.6378, -0.106 -0.7794 2.6772, -0.1027 -0.7793 2.6772, -0.1027 -0.7793 2.6378, -0.086 -0.777 2.6772, -0.086 -0.777 2.6378, -0.1613 -0.7211 2.6378, -0.1613 -0.7211 2.6772, -0.1601 -0.7352 2.6772, -0.1601 -0.7352 2.6378, -0.1564 -0.7479 2.6772, -0.1564 -0.7479 2.6378, -0.15 -0.7589 2.6772, -0.15 -0.7589 2.6378, -0.1414 -0.768 2.6772, -0.1414 -0.768 2.6378, -0.1319 -0.774 2.6772, -0.1319 -0.774 2.6378, -0.1205 -0.7779 2.6772, -0.1205 -0.7779 2.6378, -0.1013 -0.6584 2.6772, -0.1103 -0.6591 2.6772, -0.1013 -0.6584 2.6378, -0.1129 -0.6593 2.6378, -0.1129 -0.6593 2.6772, -0.1261 -0.6631 2.6772, -0.1261 -0.6631 2.6378, -0.1373 -0.6695 2.6772, -0.1373 -0.6695 2.6378, -0.148 -0.6798 2.6772, -0.148 -0.6798 2.6378, -0.1551 -0.6909 2.6772, -0.1551 -0.6909 2.6378, -0.1596 -0.7043 2.6772, -0.1596 -0.7043 2.6378, -0.0908 -0.6591 2.6772, -0.0871 -0.6594 2.6378, -0.0871 -0.6594 2.6772, -0.0735 -0.6631 2.6378, -0.0735 -0.6631 2.6772, -0.0735 -0.6789 2.6378, -0.0735 -0.6789 2.6772, -0.1011 -0.6714 2.6378, -0.1011 -0.6714 2.6772, -0.0868 -0.6732 2.6772, -0.0868 -0.6732 2.6378, -0.1455 -0.7202 2.6378, -0.1455 -0.7202 2.6772, -0.1449 -0.711 2.6772, -0.1449 -0.711 2.6378, -0.1418 -0.6983 2.6772, -0.1418 -0.6983 2.6378, -0.1369 -0.6892 2.6772, -0.1369 -0.6892 2.6378, -0.1298 -0.6813 2.6772, -0.1298 -0.6813 2.6378, -0.1216 -0.6759 2.6772, -0.1216 -0.6759 2.6378, -0.1127 -0.6727 2.6772, -0.1127 -0.6727 2.6378, -0.1038 -0.7664 2.6378, -0.1038 -0.7664 2.6772, -0.1148 -0.7652 2.6772, -0.1148 -0.7652 2.6378, -0.1234 -0.762 2.6772, -0.1234 -0.762 2.6378, -0.1306 -0.7571 2.6772, -0.1306 -0.7571 2.6378, -0.1362 -0.7513 2.6772, -0.1362 -0.7513 2.6378, -0.1411 -0.7431 2.6772, -0.1411 -0.7431 2.6378, -0.1443 -0.7329 2.6772, -0.1443 -0.7329 2.6378, -0.0756 -0.76 2.6772, -0.0756 -0.76 2.6378, -0.0881 -0.7647 2.6772, -0.0881 -0.7647 2.6378, -0.1714 -0.765 2.6378, -0.1714 -0.778 2.6378, -0.1714 -0.765 2.6772, -0.1714 -0.778 2.6772, -0.2319 -0.778 2.6378, -0.2319 -0.778 2.6772, -0.2319 -0.6598 2.6378, -0.2319 -0.6598 2.6772, -0.2161 -0.6598 2.6378, -0.2161 -0.6598 2.6772, -0.2161 -0.765 2.6378, -0.2161 -0.765 2.6772
            ]
        }
        coordIndex [
            0,1,2,-1,2,1,3,-1,1,4,3,-1,3,4,5,-1,4,6,5,-1,5,6,7,-1,6,8,7,-1,7,8,9,-1,8,10,9,-1,9,10,11,-1,10,12,11,-1,11,12,13,-1,12,14,13,-1,13,14,15,-1,14,0,15,-1,15,0,2,-1,16,8,17,-1,17,8,6,-1,18,14,16,-1,16,14,12,-1,16,12,8,-1,8,12,10,-1,18,19,14,-1,14,19,20,-1,14,20,0,-1,0,20,21,-1,0,21,22,-1,22,23,0,-1,0,23,17,-1,0,17,1,-1,1,17,6,-1,1,6,4,-1,16,17,24,-1,24,17,25,-1,18,16,26,-1,26,16,24,-1,18,26,27,-1,18,27,19,-1,19,27,28,-1,19,28,20,-1,21,20,29,-1,29,20,28,-1,21,29,30,-1,21,30,22,-1,22,30,31,-1,22,31,23,-1,17,23,25,-1,25,23,31,-1,32,33,34,-1,34,33,35,-1,33,36,35,-1,35,36,37,-1,36,38,37,-1,37,38,39,-1,40,41,42,-1,40,42,43,-1,43,42,44,-1,43,44,45,-1,45,44,46,-1,45,46,47,-1,47,46,48,-1,47,48,49,-1,49,48,50,-1,49,50,51,-1,51,50,52,-1,51,52,53,-1,53,52,54,-1,53,54,55,-1,55,54,39,-1,55,39,38,-1,32,34,56,-1,32,56,57,-1,57,56,58,-1,57,58,59,-1,59,58,60,-1,59,60,61,-1,61,60,62,-1,61,62,63,-1,63,62,64,-1,63,64,65,-1,65,64,66,-1,65,66,67,-1,67,66,41,-1,67,41,40,-1,45,47,68,-1,68,47,49,-1,68,49,69,-1,69,49,51,-1,69,51,70,-1,70,51,53,-1,70,53,71,-1,71,53,55,-1,71,55,72,-1,72,55,38,-1,72,38,73,-1,73,38,36,-1,73,36,74,-1,74,36,33,-1,74,33,75,-1,75,33,32,-1,75,32,76,-1,76,32,57,-1,76,57,77,-1,77,57,59,-1,77,59,78,-1,78,59,61,-1,78,61,79,-1,79,61,63,-1,79,63,80,-1,80,63,65,-1,80,65,81,-1,81,65,67,-1,81,67,82,-1,82,67,40,-1,82,40,83,-1,83,40,43,-1,83,43,84,-1,84,43,45,-1,84,45,68,-1,72,73,85,-1,85,73,86,-1,72,85,87,-1,72,87,71,-1,71,87,88,-1,71,88,70,-1,70,88,89,-1,70,89,69,-1,69,89,90,-1,69,90,68,-1,68,90,91,-1,68,91,84,-1,84,91,92,-1,84,92,83,-1,83,92,93,-1,83,93,82,-1,82,93,94,-1,82,94,81,-1,81,94,95,-1,81,95,80,-1,80,95,96,-1,80,96,79,-1,79,96,97,-1,79,97,78,-1,78,97,98,-1,78,98,77,-1,77,98,99,-1,77,99,76,-1,76,99,100,-1,76,100,75,-1,74,75,101,-1,101,75,100,-1,73,74,86,-1,86,74,101,-1,102,103,104,-1,104,103,105,-1,103,106,105,-1,105,106,107,-1,106,108,107,-1,107,108,109,-1,108,110,109,-1,109,110,111,-1,110,112,111,-1,111,112,113,-1,112,114,113,-1,113,114,115,-1,114,116,115,-1,115,116,117,-1,116,118,117,-1,117,118,119,-1,118,120,119,-1,119,120,121,-1,120,122,121,-1,121,122,123,-1,122,124,123,-1,123,124,125,-1,124,102,125,-1,125,102,104,-1,106,103,102,-1,102,124,106,-1,106,124,122,-1,106,122,108,-1,112,110,114,-1,114,110,108,-1,114,108,116,-1,116,108,122,-1,116,122,118,-1,118,122,120,-1,126,127,128,-1,128,127,129,-1,130,131,132,-1,130,132,133,-1,133,132,134,-1,133,134,135,-1,135,134,129,-1,135,129,127,-1,136,137,138,-1,136,138,139,-1,139,138,140,-1,139,140,141,-1,141,140,142,-1,141,142,143,-1,143,142,144,-1,143,144,145,-1,145,144,146,-1,145,146,147,-1,147,146,148,-1,147,148,149,-1,149,148,131,-1,149,131,130,-1,150,151,152,-1,152,151,153,-1,151,154,153,-1,153,154,155,-1,153,155,156,-1,156,155,157,-1,156,157,158,-1,158,157,159,-1,158,159,160,-1,160,159,161,-1,160,161,162,-1,162,161,163,-1,162,163,164,-1,164,163,137,-1,164,137,136,-1,150,152,165,-1,165,152,166,-1,165,166,167,-1,167,166,168,-1,167,168,169,-1,168,170,169,-1,169,170,171,-1,172,173,174,-1,172,174,175,-1,175,174,171,-1,175,171,170,-1,176,177,178,-1,176,178,179,-1,179,178,180,-1,179,180,181,-1,181,180,182,-1,181,182,183,-1,183,182,184,-1,183,184,185,-1,185,184,186,-1,185,186,187,-1,187,186,188,-1,187,188,189,-1,189,188,173,-1,189,173,172,-1,190,191,192,-1,190,192,193,-1,193,192,194,-1,193,194,195,-1,195,194,196,-1,195,196,197,-1,197,196,198,-1,197,198,199,-1,199,198,200,-1,199,200,201,-1,201,200,202,-1,201,202,203,-1,203,202,177,-1,203,177,176,-1,126,128,204,-1,126,204,205,-1,205,204,206,-1,205,206,207,-1,207,206,191,-1,207,191,190,-1,193,130,190,-1,190,130,133,-1,190,133,207,-1,207,133,135,-1,207,135,205,-1,205,135,127,-1,205,127,126,-1,170,168,175,-1,175,168,166,-1,175,166,172,-1,172,166,152,-1,172,152,189,-1,189,152,153,-1,189,153,187,-1,187,153,156,-1,187,156,185,-1,185,156,158,-1,185,158,183,-1,183,158,160,-1,183,160,181,-1,181,160,162,-1,181,162,179,-1,179,162,164,-1,179,164,176,-1,176,164,136,-1,176,136,203,-1,203,136,139,-1,203,139,201,-1,201,139,141,-1,201,141,199,-1,199,141,143,-1,199,143,197,-1,197,143,145,-1,197,145,195,-1,195,145,147,-1,195,147,193,-1,193,147,149,-1,193,149,130,-1,208,209,210,-1,210,209,211,-1,209,212,211,-1,211,212,213,-1,212,214,213,-1,213,214,215,-1,214,216,215,-1,215,216,217,-1,216,218,217,-1,217,218,219,-1,218,208,219,-1,219,208,210,-1,216,214,218,-1,218,214,212,-1,218,212,208,-1,208,212,209,-1,
        ]
    }
}
Shape{
    appearance Appearance {
        material  Material 	{
            diffuseColor 0.25098039215686274 0.25098039215686274 0.25098039215686274
            specularColor 0.12549019607843137 0.12549019607843137 0.12549019607843137
            ambientIntensity 0.251
            transparency 0.0
            shininess 0.5
        }
    }
    geometry IndexedFaceSet {
        ccw TRUE
        solid FALSE
        coord DEF co Coordinate {
            point [
                0.1723 -0.7319 2.6772, 0.2118 -0.7319 2.6772, 0.1899 -0.6825 2.6772, 0.194 -0.6825 2.6772, 0.191 -0.6784 2.6772, 0.1929 -0.6784 2.6772, 0.1918 -0.6742 2.6772, 0.1922 -0.6742 2.6772, 0.0519 -0.6728 2.6772, 0.0519 -0.765 2.6772, 0.0693 -0.6728 2.6772, 0.0686 -0.765 2.6772, 0.1138 -0.7319 2.6772, 0.1152 -0.7178 2.6772, 0.1142 -0.706 2.6772, 0.1115 -0.6966 2.6772, 0.0833 -0.6743 2.6772, 0.0811 -0.7638 2.6772, 0.091 -0.7607 2.6772, 0.0991 -0.7559 2.6772, 0.1074 -0.6894 2.6772, 0.1016 -0.6833 2.6772, 0.093 -0.6777 2.6772, 0.1058 -0.7493 2.6772, 0.1107 -0.7413 2.6772
            ]
        }
        coordIndex [
            0,1,2,-1,2,1,3,-1,2,3,4,-1,4,3,5,-1,4,5,6,-1,6,5,7,-1,8,9,10,-1,10,9,11,-1,12,13,10,-1,13,14,10,-1,10,14,15,-1,10,15,16,-1,11,17,10,-1,10,17,18,-1,10,18,19,-1,20,21,15,-1,15,21,22,-1,15,22,16,-1,19,23,10,-1,10,23,24,-1,10,24,12,-1,
        ]
    }
}